{
  "text_hash": "085bb7d8d5a25148bc1e2566830d37d5b05c8120b1bf2bc357f49b5ae04d3562",
  "profile_preview": "Loan Purpose: debt_consolidation | Loan Term:  60 months | Credit Grade: B (B4) | Employment Length: 3 years | Home Ownership: RENT | Income Verification: Source Verified | Application Type: Individual",
  "scores": {
    "openness": 0.25,
    "conscientiousness": 0.75,
    "extraversion": 0.7348349929635495,
    "agreeableness": 0.511920442225393,
    "neuroticism": 0.6889115052039063
  },
  "method": "fallback",
  "timestamp": 1759347072.1946828
}