{
  "text_hash": "0896e2c282ac92977f00cd4c654ca2e707011c2a10d309db7b6260d1e795859c",
  "profile_preview": "Loan Purpose: home_improvement | Loan Term:  60 months | Credit Grade: C (C3) | Employment Length: 5 years | Home Ownership: MORTGAGE | Income Verification: Source Verified | Application Type: Individual",
  "scores": {
    "openness": 0.25,
    "conscientiousness": 0.5104457492731618,
    "extraversion": 0.49610598676281653,
    "agreeableness": 0.39570062779721354,
    "neuroticism": 0.25
  },
  "method": "fallback",
  "timestamp": 1759347072.306298
}