{
  "text_hash": "089edd9eb1fc504d8f5640200e58797876a9bfbfe8305a4a9b1e05793bf537e4",
  "profile_preview": "Loan Purpose: credit_card | Loan Term:  60 months | Credit Grade: E (E4) | Employment Length: 7 years | Home Ownership: RENT | Income Verification: Verified | Application Type: Individual",
  "scores": {
    "openness": 0.25,
    "conscientiousness": 0.6952562513051685,
    "extraversion": 0.5599098281375854,
    "agreeableness": 0.25,
    "neuroticism": 0.463527664417291
  },
  "method": "fallback",
  "timestamp": 1759346997.686678
}