{
  "text_hash": "08bed7b36d083fee644c125800be008c43066815f2952c059c3f0b8d17268410",
  "profile_preview": "Loan Purpose: credit_card | Loan Term:  60 months | Credit Grade: C (C1) | Employment Length: 7 years | Home Ownership: RENT | Income Verification: Verified | Application Type: Individual",
  "scores": {
    "openness": 0.25,
    "conscientiousness": 0.42590713091797827,
    "extraversion": 0.39178576143267235,
    "agreeableness": 0.25,
    "neuroticism": 0.26181650656783406
  },
  "method": "fallback",
  "timestamp": 1759347071.898496
}