{
  "text_hash": "68a696763e5ee7af8a6c4a2f518049c63eb0974367aec5cff5a18e78e444b5c8",
  "profile_preview": "Loan Purpose: home_improvement | Loan Term:  60 months | Credit Grade: B (B3) | Employment Length: < 1 year | Home Ownership: MORTGAGE | Income Verification: Source Verified | Application Type: Individual",
  "scores": {
    "openness": 0.40879192725028657,
    "conscientiousness": 0.25,
    "extraversion": 0.5407148710313986,
    "agreeableness": 0.31836377231366086,
    "neuroticism": 0.25
  },
  "method": "fallback",
  "timestamp": 1759347072.0961568
}