{
  "text_hash": "e8826aa200722561bc78a1cd86225f407451a4bd21eea61a679a0cc60b4cde49",
  "profile_preview": "Loan Purpose: other | Loan Term:  36 months | Credit Grade: D (D5) | Employment Length: 6 years | Home Ownership: RENT | Income Verification: Source Verified | Application Type: Individual",
  "scores": {
    "openness": 0.75,
    "conscientiousness": 0.25,
    "extraversion": 0.7362156989370043,
    "agreeableness": 0.5239619762925343,
    "neuroticism": 0.45437078118658875
  },
  "method": "fallback",
  "timestamp": 1759347072.1877198
}