{
  "text_hash": "450f8794e8147f2116748405bec9aa4e8c5329b5c828ab35e4407ebe1b75e0a2",
  "profile_preview": "Loan Purpose: debt_consolidation | Loan Term:  60 months | Credit Grade: B (B5) | Employment Length: 10+ years | Home Ownership: RENT | Income Verification: Verified | Application Type: Individual",
  "scores": {
    "openness": 0.26976821298472775,
    "conscientiousness": 0.75,
    "extraversion": 0.25,
    "agreeableness": 0.7452646677254849,
    "neuroticism": 0.5481439655525945
  },
  "method": "fallback",
  "timestamp": 1759347071.885867
}