{
  "text_hash": "2d3b9710998713c387bf376a50a95a4eb978a393c759b6427201658f27f49d3b",
  "profile_preview": "Loan Purpose: other | Loan Term:  36 months | Credit Grade: B (B4) | Employment Length: 5 years | Home Ownership: RENT | Income Verification: Not Verified | Application Type: Individual",
  "scores": {
    "openness": 0.25,
    "conscientiousness": 0.5997173645532963,
    "extraversion": 0.5302614817699095,
    "agreeableness": 0.31508411800374375,
    "neuroticism": 0.7244970546393881
  },
  "method": "fallback",
  "timestamp": 1759347072.133549
}