{
  "text_hash": "e700c3614d3651bda94836e67a6f1d8e994bcf778ef712968e6875f2eb8c0a31",
  "profile_preview": "Loan Purpose: other | Loan Term:  36 months | Credit Grade: A (A5) | Employment Length: 7 years | Home Ownership: MORTGAGE | Income Verification: Source Verified | Application Type: Individual",
  "scores": {
    "openness": 0.75,
    "conscientiousness": 0.3016100966608175,
    "extraversion": 0.6612581551683271,
    "agreeableness": 0.4782579872939405,
    "neuroticism": 0.5988130251874246
  },
  "method": "fallback",
  "timestamp": 1759347071.8769221
}