{
  "text_hash": "e7f7979f9eb8207e5548de2f4a6065c6853e08cdc28956aa950db9d9fb796571",
  "profile_preview": "Loan Purpose: debt_consolidation | Loan Term:  36 months | Credit Grade: A (A5) | Employment Length: < 1 year | Home Ownership: MORTGAGE | Income Verification: Verified | Application Type: Individual",
  "scores": {
    "openness": 0.75,
    "conscientiousness": 0.6199970540171482,
    "extraversion": 0.33314312606424634,
    "agreeableness": 0.2905334099872348,
    "neuroticism": 0.5204778196104983
  },
  "method": "fallback",
  "timestamp": 1759347072.251093
}