{
  "text_hash": "ec54d20b413171698d49083c9d8374399d7928e9606f56f33b535c42c9a4d5d7",
  "profile_preview": "Loan Purpose: debt_consolidation | Loan Term:  36 months | Credit Grade: B (B3) | Employment Length: 5 years | Home Ownership: MORTGAGE | Income Verification: Verified | Application Type: Individual",
  "scores": {
    "openness": 0.75,
    "conscientiousness": 0.2546606904954325,
    "extraversion": 0.5518956325370575,
    "agreeableness": 0.6152870789205859,
    "neuroticism": 0.6151300020551146
  },
  "method": "fallback",
  "timestamp": 1759347072.112799
}