{
  "text_hash": "db24658e79d7d46643c903d09b070c7939292e728b2c98d91a330c0f1e4b3c6f",
  "profile_preview": "Loan Purpose: debt_consolidation | Loan Term:  36 months | Credit Grade: B (B4) | Employment Length: 2 years | Home Ownership: MORTGAGE | Income Verification: Not Verified | Application Type: Individual",
  "scores": {
    "openness": 0.75,
    "conscientiousness": 0.47594954969267117,
    "extraversion": 0.264785993905921,
    "agreeableness": 0.6055763050926795,
    "neuroticism": 0.25
  },
  "method": "fallback",
  "timestamp": 1759347072.038213
}