{
  "text_hash": "bb90700d9643986be8842f16946e82abfb35a44fd0ea3091b0e99ae4d34515bb",
  "profile_preview": "Loan Purpose: credit_card | Loan Term:  60 months | Credit Grade: B (B5) | Employment Length: 10+ years | Home Ownership: MORTGAGE | Income Verification: Verified | Application Type: Individual",
  "scores": {
    "openness": 0.7326726945426019,
    "conscientiousness": 0.5869689238227366,
    "extraversion": 0.75,
    "agreeableness": 0.5798112553497337,
    "neuroticism": 0.75
  },
  "method": "fallback",
  "timestamp": 1759347071.914885
}