{
  "text_hash": "bbb9520e209903feb284c2b201ee10d6b2037309af1e91c540c06d5757ae5f11",
  "profile_preview": "Loan Purpose: other | Loan Term:  36 months | Credit Grade: B (B5) | Employment Length: 6 years | Home Ownership: RENT | Income Verification: Verified | Application Type: Individual",
  "scores": {
    "openness": 0.733296516987797,
    "conscientiousness": 0.25,
    "extraversion": 0.6973382650635527,
    "agreeableness": 0.25,
    "neuroticism": 0.6953651331587147
  },
  "method": "fallback",
  "timestamp": 1759347072.371522
}