{
  "text_hash": "b064b4b59ab35b935ce2b34f4ab3ff8626f63283d3822e24d90a5d82443b47a0",
  "profile_preview": "Loan Purpose: credit_card | Loan Term:  60 months | Credit Grade: B (B5) | Employment Length: 7 years | Home Ownership: MORTGAGE | Income Verification: Not Verified | Application Type: Individual",
  "scores": {
    "openness": 0.689036650045085,
    "conscientiousness": 0.604299281631666,
    "extraversion": 0.36283417403763957,
    "agreeableness": 0.29180905369385357,
    "neuroticism": 0.25
  },
  "method": "fallback",
  "timestamp": 1759347072.4259021
}