{
  "text_hash": "b09b98f30181cac99b1bca327060019b03f27e476a1846c6438867eb7b02a582",
  "profile_preview": "Loan Purpose: home_improvement | Loan Term:  60 months | Credit Grade: B (B1) | Employment Length: 10+ years | Home Ownership: MORTGAGE | Income Verification: Source Verified | Application Type: Individual",
  "scores": {
    "openness": 0.6898742289491636,
    "conscientiousness": 0.25,
    "extraversion": 0.6058927892255347,
    "agreeableness": 0.438964939545599,
    "neuroticism": 0.25
  },
  "method": "fallback",
  "timestamp": 1759347072.137744
}