{
  "text_hash": "8bd1741128f3643461948f2821d63821100b5a12785054e68b2618389463b77f",
  "profile_preview": "Loan Purpose: other | Loan Term:  36 months | Credit Grade: C (C4) | Employment Length: < 1 year | Home Ownership: RENT | Income Verification: Source Verified | Application Type: Individual",
  "scores": {
    "openness": 0.5461647551381413,
    "conscientiousness": 0.25,
    "extraversion": 0.3811730836474274,
    "agreeableness": 0.25,
    "neuroticism": 0.25
  },
  "method": "fallback",
  "timestamp": 1759347072.063713
}