{
  "text_hash": "9721fa896ffa3c1d8aba6214adf54ed846fde9400e41170f14052fca09f82308",
  "profile_preview": "Loan Purpose: credit_card | Loan Term:  36 months | Credit Grade: B (B3) | Employment Length: nan | Home Ownership: RENT | Income Verification: Not Verified | Application Type: Individual",
  "scores": {
    "openness": 0.5903622232355089,
    "conscientiousness": 0.4374120303982431,
    "extraversion": 0.5419064808035983,
    "agreeableness": 0.6795243529322381,
    "neuroticism": 0.27731187648077305
  },
  "method": "fallback",
  "timestamp": 1759347072.279426
}