{
  "text_hash": "978d03a5689cfc3e6282d63dbd6e232d5cdb14f9a0a3e13aa28879e6566b2be4",
  "profile_preview": "Loan Purpose: debt_consolidation | Loan Term:  36 months | Credit Grade: A (A4) | Employment Length: 1 year | Home Ownership: RENT | Income Verification: Verified | Application Type: Individual",
  "scores": {
    "openness": 0.5919954566266377,
    "conscientiousness": 0.4086454059948785,
    "extraversion": 0.3848089122643715,
    "agreeableness": 0.7399618136091068,
    "neuroticism": 0.3627179249568651
  },
  "method": "fallback",
  "timestamp": 1759346997.680764
}