{
  "text_hash": "97d282e85c06d4b04b6bbaf39bdd658184eccf521bd7b8f9727f71dcb1c2bb54",
  "profile_preview": "Loan Purpose: debt_consolidation | Loan Term:  60 months | Credit Grade: E (E2) | Employment Length: 4 years | Home Ownership: RENT | Income Verification: Verified | Application Type: Individual",
  "scores": {
    "openness": 0.5930558984617367,
    "conscientiousness": 0.35947922998095844,
    "extraversion": 0.294612583540057,
    "agreeableness": 0.6088469926288461,
    "neuroticism": 0.5192384315932259
  },
  "method": "fallback",
  "timestamp": 1759347072.00399
}