{
  "text_hash": "a24d5bc853b8223843f2a227ab1c25e5b46b1d7a13dc1a3ecd7cde49c93c0a1a",
  "profile_preview": "Loan Purpose: other | Loan Term:  36 months | Credit Grade: A (A4) | Employment Length: 10+ years | Home Ownership: MORTGAGE | Income Verification: Source Verified | Application Type: Individual",
  "scores": {
    "openness": 0.6339928974942287,
    "conscientiousness": 0.32702840686008067,
    "extraversion": 0.2654210420477719,
    "agreeableness": 0.6683982549394477,
    "neuroticism": 0.7047594475338141
  },
  "method": "fallback",
  "timestamp": 1759347072.175712
}