{
  "text_hash": "a2835ad573c01f52e9e15d16a17a028a4b6956d49b3df141162047a13ad23512",
  "profile_preview": "Loan Purpose: wedding | Loan Term:  36 months | Credit Grade: A (A2) | Employment Length: 2 years | Home Ownership: RENT | Income Verification: Not Verified | Application Type: Individual",
  "scores": {
    "openness": 0.6348168155259492,
    "conscientiousness": 0.4521503044413753,
    "extraversion": 0.75,
    "agreeableness": 0.6307679737524055,
    "neuroticism": 0.294576098279696
  },
  "method": "fallback",
  "timestamp": 1759347072.0205061
}