{
  "text_hash": "923e0a22c18adfee982bbbc733502770b9f28c70b6594f309484056c2dacdc98",
  "profile_preview": "Loan Purpose: other | Loan Term:  36 months | Credit Grade: A (A1) | Employment Length: 2 years | Home Ownership: MORTGAGE | Income Verification: Source Verified | Application Type: Individual",
  "scores": {
    "openness": 0.5712591490175712,
    "conscientiousness": 0.75,
    "extraversion": 0.5944173204699571,
    "agreeableness": 0.25,
    "neuroticism": 0.7263572478495439
  },
  "method": "fallback",
  "timestamp": 1759347072.201901
}