{
  "text_hash": "0bf322e5c65afb084d6b8fdd76126930429971163176eebf6562d05f0821ad3d",
  "profile_preview": "Loan Purpose: wedding | Loan Term:  36 months | Credit Grade: A (A3) | Employment Length: 7 years | Home Ownership: RENT | Income Verification: Verified | Application Type: Individual",
  "scores": {
    "openness": 0.25,
    "conscientiousness": 0.75,
    "extraversion": 0.30242251541987586,
    "agreeableness": 0.4612184279740831,
    "neuroticism": 0.26015383523426805
  },
  "method": "fallback",
  "timestamp": 1759347072.280494
}