{
  "text_hash": "ba00a7b0d35b2984403b8d153f6cc35d936c975d6f3973223e6b141fc029f478",
  "profile_preview": "Loan Purpose: small_business | Loan Term:  60 months | Credit Grade: E (E3) | Employment Length: 7 years | Home Ownership: RENT | Income Verification: Verified | Application Type: Individual",
  "scores": {
    "openness": 0.7265724951230391,
    "conscientiousness": 0.75,
    "extraversion": 0.25090867775746356,
    "agreeableness": 0.25,
    "neuroticism": 0.5758757213074425
  },
  "method": "fallback",
  "timestamp": 1759347072.40133
}