{
  "text_hash": "963bb41e43566de55872814923acb68ddba23f98ddd8dfb166de0844b823fdf3",
  "profile_preview": "Loan Purpose: medical | Loan Term:  36 months | Credit Grade: B (B3) | Employment Length: 10+ years | Home Ownership: MORTGAGE | Income Verification: Verified | Application Type: Individual",
  "scores": {
    "openness": 0.5868485045123027,
    "conscientiousness": 0.2630375561451161,
    "extraversion": 0.34549720802938033,
    "agreeableness": 0.25,
    "neuroticism": 0.75
  },
  "method": "fallback",
  "timestamp": 1759347072.250535
}