{
  "text_hash": "96da772263bf0b63745c4d48854b94ba9c1b3730369ff25383d64f2d2b4cfe3a",
  "profile_preview": "Loan Purpose: debt_consolidation | Loan Term:  60 months | Credit Grade: G (G3) | Employment Length: 10+ years | Home Ownership: MORTGAGE | Income Verification: Verified | Application Type: Individual",
  "scores": {
    "openness": 0.5892710170217955,
    "conscientiousness": 0.38963385750298246,
    "extraversion": 0.45453341502103334,
    "agreeableness": 0.5206845240948453,
    "neuroticism": 0.6097902768779989
  },
  "method": "fallback",
  "timestamp": 1759347072.3335948
}