{
  "text_hash": "5079b4b64c515434c107a1481354078c13881e247b5b1b5010129d55983220f4",
  "profile_preview": "Loan Purpose: debt_consolidation | Loan Term:  60 months | Credit Grade: C (C2) | Employment Length: < 1 year | Home Ownership: RENT | Income Verification: Source Verified | Application Type: Individual",
  "scores": {
    "openness": 0.31435708476099117,
    "conscientiousness": 0.29811598088082764,
    "extraversion": 0.75,
    "agreeableness": 0.25,
    "neuroticism": 0.25
  },
  "method": "fallback",
  "timestamp": 1759347071.9082801
}