{
  "text_hash": "90024277b3fed10c4b5d9ed019b777166230ba897a4c91ece9f6ae3a0388abaa",
  "profile_preview": "Loan Purpose: home_improvement | Loan Term:  60 months | Credit Grade: E (E5) | Employment Length: 5 years | Home Ownership: MORTGAGE | Income Verification: Source Verified | Application Type: Individual",
  "scores": {
    "openness": 0.562534479322502,
    "conscientiousness": 0.7031069427503056,
    "extraversion": 0.2943972834140056,
    "agreeableness": 0.25,
    "neuroticism": 0.38355604032603
  },
  "method": "fallback",
  "timestamp": 1759347072.06496
}