{
  "text_hash": "90b4615ab0ed8c0fa92e699661de24900ec24706996212ffffd3b8931667cce7",
  "profile_preview": "Loan Purpose: small_business | Loan Term:  36 months | Credit Grade: C (C2) | Employment Length: 10+ years | Home Ownership: MORTGAGE | Income Verification: Verified | Application Type: Individual",
  "scores": {
    "openness": 0.5652523847681592,
    "conscientiousness": 0.6911246813114558,
    "extraversion": 0.6608644478630424,
    "agreeableness": 0.3822958805557098,
    "neuroticism": 0.25
  },
  "method": "fallback",
  "timestamp": 1759347072.211679
}