{
  "text_hash": "15e9da3dc588782b8f1995356eb1257c5161e7a98ad8c5e5d1b248680272b14a",
  "profile_preview": "Loan Purpose: debt_consolidation | Loan Term:  60 months | Credit Grade: B (B5) | Employment Length: 10+ years | Home Ownership: MORTGAGE | Income Verification: Source Verified | Application Type: Individual",
  "scores": {
    "openness": 0.25,
    "conscientiousness": 0.75,
    "extraversion": 0.5589841132888068,
    "agreeableness": 0.43239054000759275,
    "neuroticism": 0.3179001606344013
  },
  "method": "fallback",
  "timestamp": 1759347072.384774
}