{
  "text_hash": "26b1a47870a7963cf442c426073f6f295230a0c3e31e4482da76e5819013b23b",
  "profile_preview": "Loan Purpose: other | Loan Term:  60 months | Credit Grade: E (E4) | Employment Length: 10+ years | Home Ownership: MORTGAGE | Income Verification: Verified | Application Type: Individual",
  "scores": {
    "openness": 0.25,
    "conscientiousness": 0.44005717254245125,
    "extraversion": 0.75,
    "agreeableness": 0.25,
    "neuroticism": 0.3210545040948909
  },
  "method": "fallback",
  "timestamp": 1759347072.3934789
}