{
  "text_hash": "26ef069f12a6fb8f878a97d38441b1e675f7959874b7b453ecd4fbce46c41e7d",
  "profile_preview": "Loan Purpose: credit_card | Loan Term:  60 months | Credit Grade: E (E5) | Employment Length: 10+ years | Home Ownership: MORTGAGE | Income Verification: Verified | Application Type: Individual",
  "scores": {
    "openness": 0.25,
    "conscientiousness": 0.25,
    "extraversion": 0.5294585124425261,
    "agreeableness": 0.5166274249825225,
    "neuroticism": 0.4608090874880573
  },
  "method": "fallback",
  "timestamp": 1759347072.207358
}