LLM,llm_key,Dimension,RandomForest_R2,RandomForest_Train_R2,ElasticNet_R2,R2_Improvement,RandomForest_RMSE,ElasticNet_RMSE,Overfitting_Gap
Llama-3.1-8B,llama,openness,0.12800064237136177,0.6443141910284993,0.11320055850078425,0.014800083870577518,0.10553613603893028,0.10642797830303585,0.5163135486571375
Llama-3.1-8B,llama,conscientiousness,0.19617977102541195,0.7660258237541824,0.21778362357393044,-0.021603852548518487,0.15533459130952568,0.153232950999309,0.5698460527287704
Llama-3.1-8B,llama,extraversion,0.011705299798414948,0.41167875608722615,0.020910412161753156,-0.009205112363338208,0.1291233610310454,0.1285206178938435,0.3999734562888112
Llama-3.1-8B,llama,agreeableness,0.10796355153523651,0.5439799045160976,0.16810879739836393,-0.06014524586312742,0.15590827267726237,0.15056052685156207,0.43601635298086105
Llama-3.1-8B,llama,neuroticism,0.06870354714424765,0.39648762868422704,0.1148345090060926,-0.046130961861844955,0.19939843407186822,0.19439720035198732,0.3277840815399794
