Model,AUC,Accuracy,Precision,Recall,F1,AUC_vs_Baseline,AUC_Improvement_%
QWEN OCEAN,0.6078333913216363,0.775,0.23728813559322035,0.23728813559322035,0.23728813559322035,0.03782494159749494,6.6358562957795675
DEEPSEEK OCEAN,0.6078333913216363,0.775,0.23728813559322035,0.23728813559322035,0.23728813559322035,0.03782494159749494,6.6358562957795675
GPT OCEAN,0.6044037974054377,0.7975,0.25,0.1864406779661017,0.21359223300970873,0.03439534768129637,6.0341820718521255
GEMMA OCEAN,0.5958546647447686,0.8,0.2765957446808511,0.22033898305084745,0.24528301886792453,0.025846215020627228,4.53435647017788
LLAMA OCEAN,0.574382424573786,0.7975,0.2708333333333333,0.22033898305084745,0.24299065420560745,0.004373974849644635,0.7673526334147229
Baseline (No OCEAN),0.5700084497241413,0.805,0.28888888888888886,0.22033898305084745,0.25,0.0,0.0
