{
  "text_hash": "9d926c45ea808db28116de5a34467f1873245990052f8b473810775e02ffe6be",
  "profile_preview": "Loan Purpose: medical | Loan Term:  36 months | Credit Grade: C (C2) | Employment Length: 1 year | Home Ownership: RENT | Income Verification: Verified | Application Type: Individual",
  "scores": {
    "openness": 0.6155154867133861,
    "conscientiousness": 0.75,
    "extraversion": 0.5042551966626792,
    "agreeableness": 0.25,
    "neuroticism": 0.4497734048519687
  },
  "method": "fallback",
  "timestamp": 1759347072.197427
}