{
  "text_hash": "403a9a763c1a32a14831ee39ab891b402ad1fd3199fed0c99af25845b66d8847",
  "profile_preview": "Loan Purpose: house | Loan Term:  36 months | Credit Grade: B (B1) | Employment Length: 5 years | Home Ownership: MORTGAGE | Income Verification: Not Verified | Application Type: Individual",
  "scores": {
    "openness": 0.25089421641335224,
    "conscientiousness": 0.25,
    "extraversion": 0.28201187990652676,
    "agreeableness": 0.6700608284841433,
    "neuroticism": 0.25
  },
  "method": "fallback",
  "timestamp": 1759347072.21492
}