{
  "text_hash": "404743a9f9588ab38bbaf9473c68a903ac2cb2b3992f6db21c40bc45660d18f4",
  "profile_preview": "Loan Purpose: debt_consolidation | Loan Term:  36 months | Credit Grade: D (D5) | Employment Length: 3 years | Home Ownership: RENT | Income Verification: Verified | Application Type: Individual",
  "scores": {
    "openness": 0.2510874069414771,
    "conscientiousness": 0.75,
    "extraversion": 0.5458217429802338,
    "agreeableness": 0.25,
    "neuroticism": 0.6725570381787971
  },
  "method": "fallback",
  "timestamp": 1759347072.4348319
}