{
  "text_hash": "40c11c80555a58a1f6bb5e5170172aabb8c93ed78503f8710c32287867af2445",
  "profile_preview": "Loan Purpose: debt_consolidation | Loan Term:  60 months | Credit Grade: E (E5) | Employment Length: 10+ years | Home Ownership: MORTGAGE | Income Verification: Source Verified | Application Type: Individual",
  "scores": {
    "openness": 0.2529466450803323,
    "conscientiousness": 0.3334098237877269,
    "extraversion": 0.75,
    "agreeableness": 0.43785349545950386,
    "neuroticism": 0.721820762316189
  },
  "method": "fallback",
  "timestamp": 1759347072.038754
}