{
  "text_hash": "40d5eec20cf4dd4172d30206ad3d99737aeb79cd84f5f5828724ee3a82e2813d",
  "profile_preview": "Loan Purpose: other | Loan Term:  60 months | Credit Grade: F (F4) | Employment Length: 7 years | Home Ownership: RENT | Income Verification: Verified | Application Type: Individual",
  "scores": {
    "openness": 0.25326435320388163,
    "conscientiousness": 0.25,
    "extraversion": 0.448532225202893,
    "agreeableness": 0.6767211825765486,
    "neuroticism": 0.4801555754337822
  },
  "method": "fallback",
  "timestamp": 1759347072.1454499
}