{
  "text_hash": "40f3a879c0ebb6549e4bad8a68fc3e77afbbe363aa3c629433ddc74f42ccee7e",
  "profile_preview": "Loan Purpose: debt_consolidation | Loan Term:  60 months | Credit Grade: E (E3) | Employment Length: 6 years | Home Ownership: RENT | Income Verification: Verified | Application Type: Individual",
  "scores": {
    "openness": 0.25371792755409095,
    "conscientiousness": 0.75,
    "extraversion": 0.6183422530578315,
    "agreeableness": 0.4100989381340563,
    "neuroticism": 0.6864606970191143
  },
  "method": "fallback",
  "timestamp": 1759347072.169759
}