{
  "text_hash": "5c3109a0bac88bd0fe774639c8d13161545df68956d229370043098530bae649",
  "profile_preview": "Loan Purpose: other | Loan Term:  36 months | Credit Grade: B (B4) | Employment Length: < 1 year | Home Ownership: RENT | Income Verification: Source Verified | Application Type: Individual",
  "scores": {
    "openness": 0.36012325444261617,
    "conscientiousness": 0.7296225914567761,
    "extraversion": 0.75,
    "agreeableness": 0.75,
    "neuroticism": 0.3295587620999568
  },
  "method": "fallback",
  "timestamp": 1759347071.960047
}