{
  "text_hash": "5ced00498907e65d9963d81248b43f4c9f5263253d224b5bb6d3f41fe498f1a5",
  "profile_preview": "Loan Purpose: credit_card | Loan Term:  36 months | Credit Grade: D (D2) | Employment Length: 10+ years | Home Ownership: RENT | Income Verification: Verified | Application Type: Individual",
  "scores": {
    "openness": 0.362991350088965,
    "conscientiousness": 0.5352767923696146,
    "extraversion": 0.599179749050918,
    "agreeableness": 0.28400035488512376,
    "neuroticism": 0.6223508803225939
  },
  "method": "fallback",
  "timestamp": 1759347072.066236
}