{
  "text_hash": "84ccb3c89837327bb0e32217d1ef2717295b6e0919a2297a64541b907cd80614",
  "profile_preview": "Loan Purpose: wedding | Loan Term:  36 months | Credit Grade: C (C2) | Employment Length: 3 years | Home Ownership: MORTGAGE | Income Verification: Source Verified | Application Type: Individual",
  "scores": {
    "openness": 0.518748508887074,
    "conscientiousness": 0.5945922424072847,
    "extraversion": 0.6909657771910926,
    "agreeableness": 0.75,
    "neuroticism": 0.25
  },
  "method": "fallback",
  "timestamp": 1759347072.207079
}