{
  "text_hash": "af6a12a71ec419d3aad70f7b7aa18c6a7d3a98758ea720f3347bfa5a70a887aa",
  "profile_preview": "Loan Purpose: other | Loan Term:  36 months | Credit Grade: B (B2) | Employment Length: 2 years | Home Ownership: MORTGAGE | Income Verification: Verified | Application Type: Individual",
  "scores": {
    "openness": 0.6852122935664868,
    "conscientiousness": 0.25,
    "extraversion": 0.6673440625116565,
    "agreeableness": 0.47902753448091157,
    "neuroticism": 0.48917534702671117
  },
  "method": "fallback",
  "timestamp": 1759347072.382418
}