{
  "text_hash": "afaf5cfe909c861f593f5321956e0775b7af0cc7b8b97f9cb72508e8cc25b766",
  "profile_preview": "Loan Purpose: debt_consolidation | Loan Term:  36 months | Credit Grade: D (D3) | Employment Length: 7 years | Home Ownership: MORTGAGE | Income Verification: Verified | Application Type: Individual",
  "scores": {
    "openness": 0.686269581012025,
    "conscientiousness": 0.5648883654654232,
    "extraversion": 0.3486225086610351,
    "agreeableness": 0.5837101614064794,
    "neuroticism": 0.7175147998420324
  },
  "method": "fallback",
  "timestamp": 1759347071.863797
}