{
  "text_hash": "6474d640ee5317b9f89cdd8b9f4164ab801267625599b82a1933d9448783778e",
  "profile_preview": "Loan Purpose: major_purchase | Loan Term:  36 months | Credit Grade: A (A3) | Employment Length: nan | Home Ownership: MORTGAGE | Income Verification: Not Verified | Application Type: Individual",
  "scores": {
    "openness": 0.3924077899177577,
    "conscientiousness": 0.75,
    "extraversion": 0.75,
    "agreeableness": 0.6220915717124221,
    "neuroticism": 0.5002808204154207
  },
  "method": "fallback",
  "timestamp": 1759347072.2415402
}