{
  "text_hash": "64d87a4f8deada4d12dc4fe442d38634b4b3091aeabf6ae0e533ef0aa3520047",
  "profile_preview": "Loan Purpose: debt_consolidation | Loan Term:  36 months | Credit Grade: B (B1) | Employment Length: nan | Home Ownership: OWN | Income Verification: Verified | Application Type: Individual",
  "scores": {
    "openness": 0.393928188689502,
    "conscientiousness": 0.5543648185102187,
    "extraversion": 0.25,
    "agreeableness": 0.26104010368255903,
    "neuroticism": 0.7058568659019323
  },
  "method": "fallback",
  "timestamp": 1759347072.400528
}