{
  "text_hash": "e0df5862c363cbeca74a196a70925275729933265c5c75acdbab2b94e80cd898",
  "profile_preview": "Loan Purpose: debt_consolidation | Loan Term:  60 months | Credit Grade: D (D5) | Employment Length: < 1 year | Home Ownership: RENT | Income Verification: Source Verified | Application Type: Individual",
  "scores": {
    "openness": 0.75,
    "conscientiousness": 0.75,
    "extraversion": 0.6534744153389415,
    "agreeableness": 0.43973269812756516,
    "neuroticism": 0.4476501435152372
  },
  "method": "fallback",
  "timestamp": 1759347071.767976
}