{
  "text_hash": "73ac67270869f1918408414f879746b39139c6e1a1b44dca837229af9fd97416",
  "profile_preview": "Loan Purpose: debt_consolidation | Loan Term:  36 months | Credit Grade: C (C2) | Employment Length: 3 years | Home Ownership: RENT | Income Verification: Verified | Application Type: Individual",
  "scores": {
    "openness": 0.45184941018276137,
    "conscientiousness": 0.25,
    "extraversion": 0.5157509631281139,
    "agreeableness": 0.5296520412735762,
    "neuroticism": 0.5672878552152049
  },
  "method": "fallback",
  "timestamp": 1759347072.0646248
}