{
  "text_hash": "d0481f1bb5b96abab0a475f6805c97d12e394e871786446eb093cf1472a88e5c",
  "profile_preview": "Loan Purpose: wedding | Loan Term:  36 months | Credit Grade: B (B1) | Employment Length: 10+ years | Home Ownership: RENT | Income Verification: Not Verified | Application Type: Individual",
  "scores": {
    "openness": 0.75,
    "conscientiousness": 0.7098604875406856,
    "extraversion": 0.6900094725866824,
    "agreeableness": 0.5014128576734599,
    "neuroticism": 0.25
  },
  "method": "fallback",
  "timestamp": 1759347072.3232908
}