{
  "text_hash": "3c7ca00469a4d75c6b996da7bdf4cfc966647b2a0ad63b1361b336d1f32d6121",
  "profile_preview": "Loan Purpose: other | Loan Term:  36 months | Credit Grade: B (B4) | Employment Length: 7 years | Home Ownership: MORTGAGE | Income Verification: Source Verified | Application Type: Individual",
  "scores": {
    "openness": 0.25,
    "conscientiousness": 0.4126715279213785,
    "extraversion": 0.4203098806134215,
    "agreeableness": 0.7420167796644421,
    "neuroticism": 0.39997072014956986
  },
  "method": "fallback",
  "timestamp": 1759347071.922684
}