{
  "text_hash": "cc0ae45b7d64305cbaa657f15ffca3686d03ae86872946cade9539628625fc38",
  "profile_preview": "Loan Purpose: debt_consolidation | Loan Term:  36 months | Credit Grade: C (C3) | Employment Length: 4 years | Home Ownership: RENT | Income Verification: Not Verified | Application Type: Individual",
  "scores": {
    "openness": 0.75,
    "conscientiousness": 0.4898100114636612,
    "extraversion": 0.7291007008704126,
    "agreeableness": 0.3749487047025349,
    "neuroticism": 0.4258374288738327
  },
  "method": "fallback",
  "timestamp": 1759347072.0276108
}