{
  "text_hash": "b204cc9ef2a4e6debe485d68e7f68510a1fcc41309857142be642126a715b14f",
  "profile_preview": "Loan Purpose: credit_card | Loan Term:  36 months | Credit Grade: A (A1) | Employment Length: 8 years | Home Ownership: MORTGAGE | Income Verification: Verified | Application Type: Individual",
  "scores": {
    "openness": 0.695385731452933,
    "conscientiousness": 0.75,
    "extraversion": 0.7432917004319122,
    "agreeableness": 0.75,
    "neuroticism": 0.6327631519252349
  },
  "method": "fallback",
  "timestamp": 1759347072.442621
}