{
  "text_hash": "523ed52ec058d2288f792c3174cf5e5b8c38ac9246aa43549b75f43389f12aa2",
  "profile_preview": "Loan Purpose: house | Loan Term:  60 months | Credit Grade: G (G2) | Employment Length: 10+ years | Home Ownership: MORTGAGE | Income Verification: Verified | Application Type: Individual",
  "scores": {
    "openness": 0.32127125149622354,
    "conscientiousness": 0.75,
    "extraversion": 0.5604426976201224,
    "agreeableness": 0.4562891934663731,
    "neuroticism": 0.547739778307206
  },
  "method": "fallback",
  "timestamp": 1759347072.348298
}