{
  "text_hash": "528622abbae202c9068cc2ab9e7ab2f114c5d81190b6e27012495de432d1dd8b",
  "profile_preview": "Loan Purpose: home_improvement | Loan Term:  60 months | Credit Grade: F (F3) | Employment Length: 10+ years | Home Ownership: MORTGAGE | Income Verification: Verified | Application Type: Individual",
  "scores": {
    "openness": 0.32235924418139256,
    "conscientiousness": 0.7300111525063429,
    "extraversion": 0.25,
    "agreeableness": 0.6190597381487162,
    "neuroticism": 0.25
  },
  "method": "fallback",
  "timestamp": 1759347072.2042801
}