{
  "text_hash": "52a905b94b4a07758d23ae097de0f96478e78dc172f6f8f8b0a711eb9eb1e947",
  "profile_preview": "Loan Purpose: major_purchase | Loan Term:  60 months | Credit Grade: C (C5) | Employment Length: 10+ years | Home Ownership: MORTGAGE | Income Verification: Verified | Application Type: Individual",
  "scores": {
    "openness": 0.3228915765236345,
    "conscientiousness": 0.29409834493279885,
    "extraversion": 0.5513256810492198,
    "agreeableness": 0.4917140837040995,
    "neuroticism": 0.47228322957462704
  },
  "method": "fallback",
  "timestamp": 1759347072.225325
}