{
  "text_hash": "481661efacb8379d83f3611df51b335339bafe38b9f1e6d6eef60dc81d20d80d",
  "profile_preview": "Loan Purpose: other | Loan Term:  36 months | Credit Grade: A (A2) | Employment Length: 7 years | Home Ownership: RENT | Income Verification: Source Verified | Application Type: Individual",
  "scores": {
    "openness": 0.28159153072200516,
    "conscientiousness": 0.6746859321544613,
    "extraversion": 0.5154324242648278,
    "agreeableness": 0.75,
    "neuroticism": 0.25
  },
  "method": "fallback",
  "timestamp": 1759347072.1885262
}