{
  "text_hash": "485c99f140c837c2a1d080e25cd7023e15f32d3ff4e1be73cbfde6b24498efcc",
  "profile_preview": "Loan Purpose: debt_consolidation | Loan Term:  36 months | Credit Grade: A (A5) | Employment Length: 6 years | Home Ownership: RENT | Income Verification: Verified | Application Type: Individual",
  "scores": {
    "openness": 0.28266298428239833,
    "conscientiousness": 0.2530550812960265,
    "extraversion": 0.6320877602864261,
    "agreeableness": 0.36265577337766436,
    "neuroticism": 0.25
  },
  "method": "fallback",
  "timestamp": 1759347071.61518
}