{
  "text_hash": "48f7aa77e3575d8e51f4b8234198e5f257acc03cf8c37200673d271724b8d08f",
  "profile_preview": "Loan Purpose: car | Loan Term:  36 months | Credit Grade: B (B1) | Employment Length: 6 years | Home Ownership: MORTGAGE | Income Verification: Not Verified | Application Type: Individual",
  "scores": {
    "openness": 0.28502908146125944,
    "conscientiousness": 0.75,
    "extraversion": 0.3201403700094997,
    "agreeableness": 0.25623929180582966,
    "neuroticism": 0.34247971986012526
  },
  "method": "fallback",
  "timestamp": 1759347072.35169
}