{
  "text_hash": "1cb4836355a2563941512f528d94abded3dd7f28b272a2027360a600d9b6bb81",
  "profile_preview": "Loan Purpose: car | Loan Term:  36 months | Credit Grade: A (A5) | Employment Length: 9 years | Home Ownership: RENT | Income Verification: Not Verified | Application Type: Individual",
  "scores": {
    "openness": 0.25,
    "conscientiousness": 0.3345083131768062,
    "extraversion": 0.2551450324838853,
    "agreeableness": 0.5530497949926764,
    "neuroticism": 0.75
  },
  "method": "fallback",
  "timestamp": 1759347072.4032419
}