{
  "text_hash": "4ce3fb4a18fa647684385c455eb446c0446b6a8ff62e5558c56b166aef4efea1",
  "profile_preview": "Loan Purpose: other | Loan Term:  60 months | Credit Grade: C (C5) | Employment Length: 6 years | Home Ownership: RENT | Income Verification: Not Verified | Application Type: Individual",
  "scores": {
    "openness": 0.3003537231824253,
    "conscientiousness": 0.25,
    "extraversion": 0.5164849920003873,
    "agreeableness": 0.36993829914600085,
    "neuroticism": 0.267264041879043
  },
  "method": "fallback",
  "timestamp": 1759347072.371983
}