{
  "text_hash": "2042708b6da951f355fb6e8c923b669b89a705d872ef89db8530f7e5ae1d4190",
  "profile_preview": "Loan Purpose: debt_consolidation | Loan Term:  60 months | Credit Grade: E (E5) | Employment Length: < 1 year | Home Ownership: RENT | Income Verification: Source Verified | Application Type: Individual",
  "scores": {
    "openness": 0.25,
    "conscientiousness": 0.42836487000537216,
    "extraversion": 0.33586779524010324,
    "agreeableness": 0.5712188844502016,
    "neuroticism": 0.5377048162132746
  },
  "method": "fallback",
  "timestamp": 1759347072.0847518
}