{
  "text_hash": "204a6443328cf56880128afcac5e1927ba501d698a67dacb44f9794e26f4bb4a",
  "profile_preview": "Loan Purpose: other | Loan Term:  36 months | Credit Grade: A (A4) | Employment Length: 3 years | Home Ownership: RENT | Income Verification: Not Verified | Application Type: Individual",
  "scores": {
    "openness": 0.25,
    "conscientiousness": 0.25,
    "extraversion": 0.5002829424339074,
    "agreeableness": 0.6733108255251569,
    "neuroticism": 0.7277849562763667
  },
  "method": "fallback",
  "timestamp": 1759347072.361742
}