{
  "text_hash": "20aff36891ff504d764a657d937baeed9c224c3fefe69ce016680eaf932b8f33",
  "profile_preview": "Loan Purpose: major_purchase | Loan Term:  36 months | Credit Grade: B (B1) | Employment Length: 7 years | Home Ownership: RENT | Income Verification: Verified | Application Type: Individual",
  "scores": {
    "openness": 0.25,
    "conscientiousness": 0.5703020276432629,
    "extraversion": 0.46207269967116243,
    "agreeableness": 0.5761060075778761,
    "neuroticism": 0.6098983435914616
  },
  "method": "fallback",
  "timestamp": 1759347071.904321
}