{
  "text_hash": "8309c2c5c46dcf08452b77733b6683618b3416519338cbd9fde994f1a5b9bada",
  "profile_preview": "Loan Purpose: credit_card | Loan Term:  36 months | Credit Grade: C (C5) | Employment Length: 7 years | Home Ownership: RENT | Income Verification: Not Verified | Application Type: Individual",
  "scores": {
    "openness": 0.5118676883894642,
    "conscientiousness": 0.75,
    "extraversion": 0.27019449772084936,
    "agreeableness": 0.25,
    "neuroticism": 0.543763537319322
  },
  "method": "fallback",
  "timestamp": 1759347072.0512168
}