{
  "text_hash": "839f68a6401256eb040b01a15644226ebb25e8c97e4933e85cc527c58fe45d7e",
  "profile_preview": "Loan Purpose: car | Loan Term:  36 months | Credit Grade: A (A3) | Employment Length: < 1 year | Home Ownership: MORTGAGE | Income Verification: Source Verified | Application Type: Individual",
  "scores": {
    "openness": 0.5141511351135911,
    "conscientiousness": 0.2502798389760498,
    "extraversion": 0.25,
    "agreeableness": 0.3369771499040018,
    "neuroticism": 0.7310472004420699
  },
  "method": "fallback",
  "timestamp": 1759347072.28453
}