{
  "text_hash": "4147c5f2735f23855f669db85551528df5d25f2bc0fa5bd030d9041d5112497d",
  "profile_preview": "Loan Purpose: other | Loan Term:  36 months | Credit Grade: A (A5) | Employment Length: 2 years | Home Ownership: RENT | Income Verification: Not Verified | Application Type: Individual",
  "scores": {
    "openness": 0.25500142254284613,
    "conscientiousness": 0.45067045219491014,
    "extraversion": 0.3726595473412097,
    "agreeableness": 0.3332721324016508,
    "neuroticism": 0.75
  },
  "method": "fallback",
  "timestamp": 1759347072.377661
}