{
  "text_hash": "4147c70d9a84b10e9087046e51b1a6beb080a41b88dbc7658f198b5050e8a35f",
  "profile_preview": "Loan Purpose: debt_consolidation | Loan Term:  36 months | Credit Grade: A (A5) | Employment Length: 2 years | Home Ownership: OWN | Income Verification: Source Verified | Application Type: Individual",
  "scores": {
    "openness": 0.25500148843391834,
    "conscientiousness": 0.6035872135785378,
    "extraversion": 0.5645602006848344,
    "agreeableness": 0.31911699434721774,
    "neuroticism": 0.6894629066086987
  },
  "method": "fallback",
  "timestamp": 1759347072.141941
}