{
  "text_hash": "41b1459b88ad307f5608f0cfc67b4a2b7f512643b616db35b62cc157979e7bf9",
  "profile_preview": "Loan Purpose: credit_card | Loan Term:  36 months | Credit Grade: B (B2) | Employment Length: 4 years | Home Ownership: RENT | Income Verification: Source Verified | Application Type: Individual",
  "scores": {
    "openness": 0.2566112045330487,
    "conscientiousness": 0.53389266122456,
    "extraversion": 0.3360739237014376,
    "agreeableness": 0.75,
    "neuroticism": 0.49733199260601124
  },
  "method": "fallback",
  "timestamp": 1759347072.185216
}