{
  "text_hash": "b8582b02a134fc8024724d300ce461ab8f15a29a46fae805a5caf253342e6d2c",
  "profile_preview": "Loan Purpose: debt_consolidation | Loan Term:  36 months | Credit Grade: D (D5) | Employment Length: 2 years | Home Ownership: RENT | Income Verification: Verified | Application Type: Individual",
  "scores": {
    "openness": 0.7200953370705468,
    "conscientiousness": 0.6297147573506727,
    "extraversion": 0.25,
    "agreeableness": 0.25,
    "neuroticism": 0.5589238765088198
  },
  "method": "fallback",
  "timestamp": 1759347072.232866
}