{
  "text_hash": "c570d8b583d404b6be687fef9e9bfe0d9bb68c6f69455133b63d2843c6d2b85e",
  "profile_preview": "Loan Purpose: house | Loan Term:  36 months | Credit Grade: B (B2) | Employment Length: 10+ years | Home Ownership: RENT | Income Verification: Verified | Application Type: Individual",
  "scores": {
    "openness": 0.75,
    "conscientiousness": 0.5149538941949033,
    "extraversion": 0.7437820396720856,
    "agreeableness": 0.6195677550555132,
    "neuroticism": 0.6082542202454653
  },
  "method": "fallback",
  "timestamp": 1759347072.3593862
}