{
  "text_hash": "be0449b3a452f272ac2b18367e9c506f6332b2be3bfaf04dc5259323b510394d",
  "profile_preview": "Loan Purpose: debt_consolidation | Loan Term:  60 months | Credit Grade: C (C2) | Employment Length: 6 years | Home Ownership: MORTGAGE | Income Verification: Verified | Application Type: Individual",
  "scores": {
    "openness": 0.742252928144823,
    "conscientiousness": 0.6418906717193058,
    "extraversion": 0.672532571170603,
    "agreeableness": 0.49457266542468514,
    "neuroticism": 0.3874923434079374
  },
  "method": "fallback",
  "timestamp": 1759347072.361572
}