{
  "text_hash": "be640dc27a98dc5b8410c030f308be04eb33f91a22176731b60be73c4786494a",
  "profile_preview": "Loan Purpose: credit_card | Loan Term:  36 months | Credit Grade: B (B2) | Employment Length: 10+ years | Home Ownership: MORTGAGE | Income Verification: Verified | Application Type: Individual",
  "scores": {
    "openness": 0.7437141991089364,
    "conscientiousness": 0.4788949702584406,
    "extraversion": 0.5158805960127806,
    "agreeableness": 0.75,
    "neuroticism": 0.75
  },
  "method": "fallback",
  "timestamp": 1759347072.015661
}