{
  "text_hash": "beb7eb12170f78293fcbb9598b60163fa386ee417c7e969683b02b1ccf50d0ee",
  "profile_preview": "Loan Purpose: other | Loan Term:  36 months | Credit Grade: B (B5) | Employment Length: nan | Home Ownership: OWN | Income Verification: Source Verified | Application Type: Individual",
  "scores": {
    "openness": 0.7449938698543687,
    "conscientiousness": 0.25,
    "extraversion": 0.25,
    "agreeableness": 0.5444349198472768,
    "neuroticism": 0.6387776289225504
  },
  "method": "fallback",
  "timestamp": 1759347072.156242
}