{
  "text_hash": "bec5747250bcb26a4efbef4abedda757c48728fd21a3678effa27d17b4a2f771",
  "profile_preview": "Loan Purpose: debt_consolidation | Loan Term:  60 months | Credit Grade: B (B5) | Employment Length: 7 years | Home Ownership: RENT | Income Verification: Verified | Application Type: Individual",
  "scores": {
    "openness": 0.7452004223003054,
    "conscientiousness": 0.31537928672399823,
    "extraversion": 0.3085317188660921,
    "agreeableness": 0.7455696667883475,
    "neuroticism": 0.75
  },
  "method": "fallback",
  "timestamp": 1759347071.776383
}