{
  "text_hash": "d961ed68f281e41d895063f892f1b036acbf9be99db3d27757391ec715b2b136",
  "profile_preview": "Loan Purpose: debt_consolidation | Loan Term:  60 months | Credit Grade: B (B3) | Employment Length: 4 years | Home Ownership: RENT | Income Verification: Verified | Application Type: Individual",
  "scores": {
    "openness": 0.75,
    "conscientiousness": 0.75,
    "extraversion": 0.5363829118517187,
    "agreeableness": 0.5740003712880426,
    "neuroticism": 0.6747987218375314
  },
  "method": "fallback",
  "timestamp": 1759347072.152311
}