{
  "text_hash": "a13e6471714a6b1438e6845fb53886a09f27a9431ba5d59f28b67314c0cfd9ea",
  "profile_preview": "Loan Purpose: wedding | Loan Term:  36 months | Credit Grade: B (B3) | Employment Length: 1 year | Home Ownership: RENT | Income Verification: Not Verified | Application Type: Individual",
  "scores": {
    "openness": 0.6298582818428656,
    "conscientiousness": 0.44254178284726614,
    "extraversion": 0.25,
    "agreeableness": 0.7078937666276223,
    "neuroticism": 0.6216989317028082
  },
  "method": "fallback",
  "timestamp": 1759347072.2770932
}