{
  "text_hash": "a13f43c8eea64348455b677d0ea678bb8bba2371706b1f35400f0702cb705dd3",
  "profile_preview": "Loan Purpose: debt_consolidation | Loan Term:  36 months | Credit Grade: B (B4) | Employment Length: 6 years | Home Ownership: RENT | Income Verification: Source Verified | Application Type: Individual",
  "scores": {
    "openness": 0.6298715939349195,
    "conscientiousness": 0.75,
    "extraversion": 0.2709259682500097,
    "agreeableness": 0.25,
    "neuroticism": 0.5458089973651359
  },
  "method": "fallback",
  "timestamp": 1759347072.0676448
}