{
  "text_hash": "add1b3c831fb3a5dd53dc4018166b0365ebae6fe4de86685ed2d52d459d69787",
  "profile_preview": "Loan Purpose: moving | Loan Term:  36 months | Credit Grade: A (A3) | Employment Length: < 1 year | Home Ownership: RENT | Income Verification: Source Verified | Application Type: Individual",
  "scores": {
    "openness": 0.6789810528696936,
    "conscientiousness": 0.25,
    "extraversion": 0.75,
    "agreeableness": 0.5054731495923999,
    "neuroticism": 0.37003940305906335
  },
  "method": "fallback",
  "timestamp": 1759347072.004992
}