{
  "text_hash": "5e093606cd41f71b860cbcf03bf89213521e23a8f42d10d5300d636f077bf78a",
  "profile_preview": "Loan Purpose: other | Loan Term:  36 months | Credit Grade: C (C4) | Employment Length: 2 years | Home Ownership: MORTGAGE | Income Verification: Verified | Application Type: Individual",
  "scores": {
    "openness": 0.3673280492348895,
    "conscientiousness": 0.75,
    "extraversion": 0.5236318671432398,
    "agreeableness": 0.25,
    "neuroticism": 0.3207723890246759
  },
  "method": "fallback",
  "timestamp": 1759347072.296847
}