{
  "text_hash": "5ee0230748810895bba45cadfaa8cbbba7dfb24e107561d9192184941c093e53",
  "profile_preview": "Loan Purpose: debt_consolidation | Loan Term:  60 months | Credit Grade: B (B1) | Employment Length: 9 years | Home Ownership: RENT | Income Verification: Source Verified | Application Type: Individual",
  "scores": {
    "openness": 0.37060755662867045,
    "conscientiousness": 0.28321889538392864,
    "extraversion": 0.7329767154839302,
    "agreeableness": 0.75,
    "neuroticism": 0.655757087901178
  },
  "method": "fallback",
  "timestamp": 1759347072.34872
}