{
  "text_hash": "1953c308583a7d91926bbfc1c3c131554fa83a5b75b48d6f06654ff80c7e83ac",
  "profile_preview": "Loan Purpose: credit_card | Loan Term:  36 months | Credit Grade: A (A4) | Employment Length: < 1 year | Home Ownership: OWN | Income Verification: Source Verified | Application Type: Individual",
  "scores": {
    "openness": 0.25,
    "conscientiousness": 0.34464249418690857,
    "extraversion": 0.5719566199863229,
    "agreeableness": 0.75,
    "neuroticism": 0.3111607048919333
  },
  "method": "fallback",
  "timestamp": 1759347071.871168
}