{
  "text_hash": "8c735d668823985f3dbfad89672c4d565452433b2c5a6fe5b9861bb8fa9cf56e",
  "profile_preview": "Loan Purpose: credit_card | Loan Term:  36 months | Credit Grade: A (A5) | Employment Length: 4 years | Home Ownership: RENT | Income Verification: Verified | Application Type: Individual",
  "scores": {
    "openness": 0.5486353278506164,
    "conscientiousness": 0.5317931397659222,
    "extraversion": 0.25,
    "agreeableness": 0.4030197463936684,
    "neuroticism": 0.32938022802802275
  },
  "method": "fallback",
  "timestamp": 1759347072.003228
}