{
  "text_hash": "8cae568eb60f70fcc19895e887773a0ee8c19b77daca91b86d349766424539dc",
  "profile_preview": "Loan Purpose: debt_consolidation | Loan Term:  36 months | Credit Grade: A (A3) | Employment Length: 10+ years | Home Ownership: MORTGAGE | Income Verification: Not Verified | Application Type: Individual",
  "scores": {
    "openness": 0.5495351884862257,
    "conscientiousness": 0.7111731163950574,
    "extraversion": 0.75,
    "agreeableness": 0.5291630063506688,
    "neuroticism": 0.75
  },
  "method": "fallback",
  "timestamp": 1759347071.9839628
}