{
  "text_hash": "8ce86ef96ab31fc1b5092ff253c49b4de3aef3859c3b155b93487a3603e959d8",
  "profile_preview": "Loan Purpose: other | Loan Term:  60 months | Credit Grade: D (D5) | Employment Length: 10+ years | Home Ownership: MORTGAGE | Income Verification: Verified | Application Type: Individual",
  "scores": {
    "openness": 0.5504216536764106,
    "conscientiousness": 0.4167957160195326,
    "extraversion": 0.7071714370295339,
    "agreeableness": 0.3272187293803363,
    "neuroticism": 0.75
  },
  "method": "fallback",
  "timestamp": 1759347072.30563
}