{
  "text_hash": "9e13a355e72be2c833caf1519f10c51e8953936e38c50a5ca2d0328fb8f7f98d",
  "profile_preview": "Loan Purpose: credit_card | Loan Term:  36 months | Credit Grade: A (A2) | Employment Length: 7 years | Home Ownership: OWN | Income Verification: Not Verified | Application Type: Individual",
  "scores": {
    "openness": 0.6174871524836605,
    "conscientiousness": 0.75,
    "extraversion": 0.25,
    "agreeableness": 0.6213496398696093,
    "neuroticism": 0.5364315171112379
  },
  "method": "fallback",
  "timestamp": 1759347071.9057431
}