{
  "text_hash": "9e90abc9efbcf9919ead890ba01c4f875650f8d51078924deffbd979bfbc5ff8",
  "profile_preview": "Loan Purpose: debt_consolidation | Loan Term:  36 months | Credit Grade: A (A5) | Employment Length: 5 years | Home Ownership: RENT | Income Verification: Verified | Application Type: Individual",
  "scores": {
    "openness": 0.61939500496243,
    "conscientiousness": 0.75,
    "extraversion": 0.6198354390496005,
    "agreeableness": 0.6254319864384439,
    "neuroticism": 0.3371730347483356
  },
  "method": "fallback",
  "timestamp": 1759347071.649705
}