{
  "text_hash": "9ef92a574186aac781898a91eef12e96700969a0730512713e5f12df65930f3f",
  "profile_preview": "Loan Purpose: debt_consolidation | Loan Term:  60 months | Credit Grade: E (E1) | Employment Length: 10+ years | Home Ownership: OWN | Income Verification: Verified | Application Type: Individual",
  "scores": {
    "openness": 0.6209894622724944,
    "conscientiousness": 0.2559611069168805,
    "extraversion": 0.5060049634207983,
    "agreeableness": 0.75,
    "neuroticism": 0.4376436249440637
  },
  "method": "fallback",
  "timestamp": 1759347072.0171368
}