{
  "text_hash": "f9c5d12eb3f7531f710c099c93a2623e2d228d55b677b3a8f55a421d484ab8b8",
  "profile_preview": "Loan Purpose: debt_consolidation | Loan Term:  36 months | Credit Grade: E (E2) | Employment Length: 3 years | Home Ownership: RENT | Income Verification: Source Verified | Application Type: Individual",
  "scores": {
    "openness": 0.75,
    "conscientiousness": 0.702992625465382,
    "extraversion": 0.44158992833494903,
    "agreeableness": 0.5766965296530855,
    "neuroticism": 0.25
  },
  "method": "fallback",
  "timestamp": 1759347072.142762
}