{
  "text_hash": "94c135ffa8826f0bc869d99b07355980ac7b56901852bf4e565c16311b78599b",
  "profile_preview": "Loan Purpose: debt_consolidation | Loan Term:  36 months | Credit Grade: A (A2) | Employment Length: 2 years | Home Ownership: MORTGAGE | Income Verification: Source Verified | Application Type: Individual",
  "scores": {
    "openness": 0.5810731648423414,
    "conscientiousness": 0.6582402614080907,
    "extraversion": 0.75,
    "agreeableness": 0.25,
    "neuroticism": 0.6737569907386222
  },
  "method": "fallback",
  "timestamp": 1759347071.767436
}