{
  "text_hash": "10028e7851758c6565e0ed798217851f94cc8ac79ebbf527d77da58752f6a0b4",
  "profile_preview": "Loan Purpose: wedding | Loan Term:  36 months | Credit Grade: C (C2) | Employment Length: 2 years | Home Ownership: RENT | Income Verification: Source Verified | Application Type: Individual",
  "scores": {
    "openness": 0.25,
    "conscientiousness": 0.31819989656056274,
    "extraversion": 0.3979633733159777,
    "agreeableness": 0.5081713869022605,
    "neuroticism": 0.581246064878359
  },
  "method": "fallback",
  "timestamp": 1759347072.43291
}