{
  "text_hash": "74569e1fb9567e5c41276fa2068e2282c98b4a840c2a2fa8eb30bfbefb372049",
  "profile_preview": "Loan Purpose: other | Loan Term:  36 months | Credit Grade: B (B3) | Employment Length: 4 years | Home Ownership: MORTGAGE | Income Verification: Verified | Application Type: Individual",
  "scores": {
    "openness": 0.4544466807168086,
    "conscientiousness": 0.7239760376335997,
    "extraversion": 0.2545079966668291,
    "agreeableness": 0.25,
    "neuroticism": 0.75
  },
  "method": "fallback",
  "timestamp": 1759347072.4218612
}