{
  "text_hash": "7146c6cec800666bb08b6cc6aa22c7e9244005d8ec40ee96b234461e0e077d37",
  "profile_preview": "Loan Purpose: credit_card | Loan Term:  60 months | Credit Grade: C (C4) | Employment Length: 8 years | Home Ownership: RENT | Income Verification: Verified | Application Type: Individual",
  "scores": {
    "openness": 0.4424862150201775,
    "conscientiousness": 0.75,
    "extraversion": 0.6896274552423571,
    "agreeableness": 0.6645932145567129,
    "neuroticism": 0.25
  },
  "method": "fallback",
  "timestamp": 1759347072.0875819
}