{
  "text_hash": "027e5d32c5e59a037315c767843fdee89e7e1253e3eec625e8b70c5f47b10a46",
  "profile_preview": "Loan Purpose: debt_consolidation | Loan Term:  36 months | Credit Grade: C (C1) | Employment Length: 5 years | Home Ownership: RENT | Income Verification: Verified | Application Type: Individual",
  "scores": {
    "openness": 0.25,
    "conscientiousness": 0.75,
    "extraversion": 0.4495510699808484,
    "agreeableness": 0.5165995900790672,
    "neuroticism": 0.6191111997745724
  },
  "method": "fallback",
  "timestamp": 1759347072.072769
}