{
  "text_hash": "0e25175f9014bba1731d625f4614a9edf8e702ca519460ed4a509409e0adacc6",
  "profile_preview": "Loan Purpose: major_purchase | Loan Term:  36 months | Credit Grade: B (B5) | Employment Length: 6 years | Home Ownership: RENT | Income Verification: Not Verified | Application Type: Individual",
  "scores": {
    "openness": 0.25,
    "conscientiousness": 0.5628163594665975,
    "extraversion": 0.44966711836160794,
    "agreeableness": 0.2737528042108176,
    "neuroticism": 0.75
  },
  "method": "fallback",
  "timestamp": 1759347072.387875
}