{
  "text_hash": "6f364ad65482486759c4e7726dc799a47cc047e41655c42ca240383e73bfa17d",
  "profile_preview": "Loan Purpose: debt_consolidation | Loan Term:  60 months | Credit Grade: D (D3) | Employment Length: 7 years | Home Ownership: OWN | Income Verification: Verified | Application Type: Individual",
  "scores": {
    "openness": 0.43442218527999293,
    "conscientiousness": 0.33011295817096553,
    "extraversion": 0.35066076795353107,
    "agreeableness": 0.4288269068181577,
    "neuroticism": 0.48730897262862627
  },
  "method": "fallback",
  "timestamp": 1759347071.834003
}