{
  "text_hash": "6f81d335c53c4d0ab4984f2aa375f0fa3d183673c58ef87930d314d987cf2c28",
  "profile_preview": "Loan Purpose: medical | Loan Term:  36 months | Credit Grade: C (C1) | Employment Length: 10+ years | Home Ownership: MORTGAGE | Income Verification: Source Verified | Application Type: Individual",
  "scores": {
    "openness": 0.4355747228105494,
    "conscientiousness": 0.75,
    "extraversion": 0.7054490546475745,
    "agreeableness": 0.6385183917913861,
    "neuroticism": 0.25
  },
  "method": "fallback",
  "timestamp": 1759347072.137085
}