{
  "text_hash": "6ffa58516847d831ed647d44f5153e005c53d20e8f38a106ed2aecdd1d2d5041",
  "profile_preview": "Loan Purpose: debt_consolidation | Loan Term:  60 months | Credit Grade: D (D3) | Employment Length: 3 years | Home Ownership: RENT | Income Verification: Not Verified | Application Type: Individual",
  "scores": {
    "openness": 0.4374137114354907,
    "conscientiousness": 0.4073462601302532,
    "extraversion": 0.75,
    "agreeableness": 0.75,
    "neuroticism": 0.3606539998111907
  },
  "method": "fallback",
  "timestamp": 1759347072.171734
}