{
  "text_hash": "e217a6114236226e7ac42faa1857950e465ac83371ae481b2c357f17ee3e13e5",
  "profile_preview": "Loan Purpose: debt_consolidation | Loan Term:  60 months | Credit Grade: D (D3) | Employment Length: 5 years | Home Ownership: RENT | Income Verification: Source Verified | Application Type: Individual",
  "scores": {
    "openness": 0.75,
    "conscientiousness": 0.25863852683888716,
    "extraversion": 0.4795560637674192,
    "agreeableness": 0.25,
    "neuroticism": 0.27482272388293005
  },
  "method": "fallback",
  "timestamp": 1759346997.689651
}