{
  "text_hash": "e274ce531d0b759598fcfed067463d33924197b12ae3d8792102a3d997331be1",
  "profile_preview": "Loan Purpose: credit_card | Loan Term:  60 months | Credit Grade: F (F3) | Employment Length: 3 years | Home Ownership: RENT | Income Verification: Verified | Application Type: Individual",
  "scores": {
    "openness": 0.75,
    "conscientiousness": 0.25,
    "extraversion": 0.5976104029914389,
    "agreeableness": 0.4034155130859966,
    "neuroticism": 0.5713133629344668
  },
  "method": "fallback",
  "timestamp": 1759347072.176285
}