{
  "text_hash": "65165769a7226d6637ad30e7f780e4a66da94a79b0a0e958c54dcc64b374161f",
  "profile_preview": "Loan Purpose: credit_card | Loan Term:  60 months | Credit Grade: D (D2) | Employment Length: 7 years | Home Ownership: RENT | Income Verification: Verified | Application Type: Individual",
  "scores": {
    "openness": 0.3948721535026264,
    "conscientiousness": 0.6528690696351391,
    "extraversion": 0.25,
    "agreeableness": 0.75,
    "neuroticism": 0.42836442436752015
  },
  "method": "fallback",
  "timestamp": 1759347071.661039
}