{
  "text_hash": "6521a1a646767febb115edb14e42c29733ebd4773b0e851800dec45f7d33ac8e",
  "profile_preview": "Loan Purpose: small_business | Loan Term:  60 months | Credit Grade: A (A5) | Employment Length: 1 year | Home Ownership: RENT | Income Verification: Source Verified | Application Type: Individual",
  "scores": {
    "openness": 0.3950444251287366,
    "conscientiousness": 0.27524566167854836,
    "extraversion": 0.6917408522432067,
    "agreeableness": 0.3057061786078164,
    "neuroticism": 0.25
  },
  "method": "fallback",
  "timestamp": 1759347072.142921
}