{
  "text_hash": "65665bb57714e823566fa4b61809921619b21f1973908ef66d06d609eb22a6e9",
  "profile_preview": "Loan Purpose: wedding | Loan Term:  36 months | Credit Grade: A (A1) | Employment Length: 10+ years | Home Ownership: OWN | Income Verification: Source Verified | Application Type: Individual",
  "scores": {
    "openness": 0.3960931127416187,
    "conscientiousness": 0.46516276231621456,
    "extraversion": 0.337641043201471,
    "agreeableness": 0.25,
    "neuroticism": 0.25
  },
  "method": "fallback",
  "timestamp": 1759347072.199379
}