{
  "text_hash": "65dbb13f2d1806ef567393972bb899de4f35be95701e063649a3887a0870847a",
  "profile_preview": "Loan Purpose: debt_consolidation | Loan Term:  60 months | Credit Grade: E (E1) | Employment Length: 10+ years | Home Ownership: RENT | Income Verification: Source Verified | Application Type: Individual",
  "scores": {
    "openness": 0.39788348958778275,
    "conscientiousness": 0.25,
    "extraversion": 0.33770105786102383,
    "agreeableness": 0.25,
    "neuroticism": 0.30941382546662677
  },
  "method": "fallback",
  "timestamp": 1759347072.070549
}