{
  "text_hash": "6b155125d9780594889a35af59b34b46c0db003138bb010723b8a2c2c5c7e111",
  "profile_preview": "Loan Purpose: other | Loan Term:  36 months | Credit Grade: D (D3) | Employment Length: 4 years | Home Ownership: RENT | Income Verification: Source Verified | Application Type: Individual",
  "scores": {
    "openness": 0.41829402125866477,
    "conscientiousness": 0.75,
    "extraversion": 0.5336030534313999,
    "agreeableness": 0.35039205997027273,
    "neuroticism": 0.75
  },
  "method": "fallback",
  "timestamp": 1759347072.017813
}