{
  "text_hash": "17b1c0f147cfb8ca50841bfe9b6450427459142c9265006a8fecd353086d4bed",
  "profile_preview": "Loan Purpose: small_business | Loan Term:  60 months | Credit Grade: E (E5) | Employment Length: 10+ years | Home Ownership: RENT | Income Verification: Source Verified | Application Type: Individual",
  "scores": {
    "openness": 0.25,
    "conscientiousness": 0.2805133336876783,
    "extraversion": 0.31451582869387135,
    "agreeableness": 0.6069994127859826,
    "neuroticism": 0.4544842346698242
  },
  "method": "fallback",
  "timestamp": 1759347071.9484868
}