{
  "text_hash": "63b337c1a424015588603b07c6ecaab00c0da2b1cc1d0977a6a6f74297db5f68",
  "profile_preview": "Loan Purpose: debt_consolidation | Loan Term:  36 months | Credit Grade: E (E1) | Employment Length: 5 years | Home Ownership: RENT | Income Verification: Source Verified | Application Type: Individual",
  "scores": {
    "openness": 0.38945339652464106,
    "conscientiousness": 0.6411743959507845,
    "extraversion": 0.5327183621778894,
    "agreeableness": 0.75,
    "neuroticism": 0.25
  },
  "method": "fallback",
  "timestamp": 1759347072.344474
}