{
  "text_hash": "224b9dc26604c854c331728fb9bf8615a01fe27205722a485d534051ba86f367",
  "profile_preview": "Loan Purpose: debt_consolidation | Loan Term:  36 months | Credit Grade: E (E1) | Employment Length: 5 years | Home Ownership: MORTGAGE | Income Verification: Verified | Application Type: Individual",
  "scores": {
    "openness": 0.25,
    "conscientiousness": 0.3985104757357646,
    "extraversion": 0.75,
    "agreeableness": 0.7255786707917179,
    "neuroticism": 0.6254865197989825
  },
  "method": "fallback",
  "timestamp": 1759347072.148163
}