{
  "text_hash": "a3f567269f6c82445f81cb8780b1e8ad4ab1c182bb9b8cf6c707eb5d4456dd69",
  "profile_preview": "Loan Purpose: credit_card | Loan Term:  36 months | Credit Grade: B (B2) | Employment Length: 4 years | Home Ownership: RENT | Income Verification: Not Verified | Application Type: Individual",
  "scores": {
    "openness": 0.6404633015954083,
    "conscientiousness": 0.6227494638000497,
    "extraversion": 0.3730742650509519,
    "agreeableness": 0.5027146743383991,
    "neuroticism": 0.29177483969642193
  },
  "method": "fallback",
  "timestamp": 1759347072.1349142
}