{
  "text_hash": "fced6975a3934c332b9e31e6a133e64b45c568168a0491b1d22c465c9cacea6e",
  "profile_preview": "Loan Purpose: debt_consolidation | Loan Term:  60 months | Credit Grade: E (E3) | Employment Length: 10+ years | Home Ownership: MORTGAGE | Income Verification: Verified | Application Type: Individual",
  "scores": {
    "openness": 0.75,
    "conscientiousness": 0.6389663339683243,
    "extraversion": 0.25,
    "agreeableness": 0.6296981749193972,
    "neuroticism": 0.27254343551409976
  },
  "method": "fallback",
  "timestamp": 1759347071.9938402
}