{
  "text_hash": "cb867fd751ba36d24f70c946737e545a97317dcf3ac0f907bc30c7bdcceaae10",
  "profile_preview": "Loan Purpose: major_purchase | Loan Term:  60 months | Credit Grade: B (B3) | Employment Length: 5 years | Home Ownership: MORTGAGE | Income Verification: Not Verified | Application Type: Individual",
  "scores": {
    "openness": 0.75,
    "conscientiousness": 0.3192476523852087,
    "extraversion": 0.31031473127899567,
    "agreeableness": 0.45114638527183476,
    "neuroticism": 0.5905989295781122
  },
  "method": "fallback",
  "timestamp": 1759347072.441778
}