{
  "text_hash": "ce5e76d1e48ed90a7068203d8d80ac0b48a41f27d3dd140014947190cf642cbd",
  "profile_preview": "Loan Purpose: other | Loan Term:  36 months | Credit Grade: A (A4) | Employment Length: nan | Home Ownership: MORTGAGE | Income Verification: Source Verified | Application Type: Individual",
  "scores": {
    "openness": 0.75,
    "conscientiousness": 0.75,
    "extraversion": 0.4390888357160354,
    "agreeableness": 0.5527446296887344,
    "neuroticism": 0.28375429829669985
  },
  "method": "fallback",
  "timestamp": 1759347072.287754
}