{
  "text_hash": "ce5e120a94b081f489ea754c8ff1273420decc24e80ba18c4f264873c17f9871",
  "profile_preview": "Loan Purpose: other | Loan Term:  60 months | Credit Grade: E (E2) | Employment Length: 2 years | Home Ownership: RENT | Income Verification: Not Verified | Application Type: Individual",
  "scores": {
    "openness": 0.75,
    "conscientiousness": 0.5808182928200853,
    "extraversion": 0.5387337982046264,
    "agreeableness": 0.5622734549833167,
    "neuroticism": 0.25
  },
  "method": "fallback",
  "timestamp": 1759347072.1485782
}