{
  "text_hash": "cedfad8d94d8a9119ea30e96acd869117dafaf6455957b454a0052229ce6db67",
  "profile_preview": "Loan Purpose: debt_consolidation | Loan Term:  60 months | Credit Grade: C (C2) | Employment Length: < 1 year | Home Ownership: OWN | Income Verification: Source Verified | Application Type: Individual",
  "scores": {
    "openness": 0.75,
    "conscientiousness": 0.5814309757159629,
    "extraversion": 0.6196755521510904,
    "agreeableness": 0.6751771610405243,
    "neuroticism": 0.49096199229614856
  },
  "method": "fallback",
  "timestamp": 1759347072.2460742
}