{
  "text_hash": "5d0f45a0939d08f392547e9d5d645640aa316b734750e50ff547382ccd553890",
  "profile_preview": "Loan Purpose: major_purchase | Loan Term:  36 months | Credit Grade: C (C4) | Employment Length: 2 years | Home Ownership: RENT | Income Verification: Verified | Application Type: Individual",
  "scores": {
    "openness": 0.36351428189396723,
    "conscientiousness": 0.5766149134320707,
    "extraversion": 0.5716017851539892,
    "agreeableness": 0.3648122698918014,
    "neuroticism": 0.6648165852913671
  },
  "method": "fallback",
  "timestamp": 1759347072.334966
}