{
  "text_hash": "5d390fae8b21d69a55ff9e24a252e3dcea01446552b3fa6d9dba261efc5b1dfc",
  "profile_preview": "Loan Purpose: credit_card | Loan Term:  60 months | Credit Grade: C (C5) | Employment Length: 10+ years | Home Ownership: MORTGAGE | Income Verification: Source Verified | Application Type: Individual",
  "scores": {
    "openness": 0.36415193564355186,
    "conscientiousness": 0.5434850814155036,
    "extraversion": 0.3359316672049304,
    "agreeableness": 0.6340773023278632,
    "neuroticism": 0.75
  },
  "method": "fallback",
  "timestamp": 1759347072.0404491
}