{
  "text_hash": "5dff6629769db3046e51574e0f73f236c8833459c2c550e142d993cbbe335f88",
  "profile_preview": "Loan Purpose: small_business | Loan Term:  60 months | Credit Grade: F (F4) | Employment Length: 2 years | Home Ownership: MORTGAGE | Income Verification: Verified | Application Type: Individual",
  "scores": {
    "openness": 0.36717833051625137,
    "conscientiousness": 0.4633438001534305,
    "extraversion": 0.43092866577928157,
    "agreeableness": 0.25,
    "neuroticism": 0.75
  },
  "method": "fallback",
  "timestamp": 1759347072.105678
}