{
  "text_hash": "b3574ccb5696b855c00cc495db308ddc4fa3d0bdc55e1ae1a712979976cb88c7",
  "profile_preview": "Loan Purpose: other | Loan Term:  60 months | Credit Grade: F (F2) | Employment Length: 10+ years | Home Ownership: MORTGAGE | Income Verification: Verified | Application Type: Individual",
  "scores": {
    "openness": 0.7005508420291708,
    "conscientiousness": 0.3382373054833704,
    "extraversion": 0.75,
    "agreeableness": 0.75,
    "neuroticism": 0.3110933744607245
  },
  "method": "fallback",
  "timestamp": 1759347072.033089
}