{
  "text_hash": "7b8102c3432dc11b312c208b8179f7bc6a486cf6240ae6f28bca15ce1b66e447",
  "profile_preview": "Loan Purpose: other | Loan Term:  36 months | Credit Grade: A (A2) | Employment Length: 5 years | Home Ownership: MORTGAGE | Income Verification: Verified | Application Type: Individual",
  "scores": {
    "openness": 0.48243729851265377,
    "conscientiousness": 0.2624169055517802,
    "extraversion": 0.25,
    "agreeableness": 0.5057673297137412,
    "neuroticism": 0.4151676274871378
  },
  "method": "fallback",
  "timestamp": 1759347072.212273
}