{
  "text_hash": "6686b3bdbd7e97228e206a60b194f550f2b292302659e88e66fbfaa560845ea0",
  "profile_preview": "Loan Purpose: debt_consolidation | Loan Term:  60 months | Credit Grade: D (D3) | Employment Length: 6 years | Home Ownership: MORTGAGE | Income Verification: Verified | Application Type: Individual",
  "scores": {
    "openness": 0.40049289106402847,
    "conscientiousness": 0.7402128658118222,
    "extraversion": 0.5551821218233514,
    "agreeableness": 0.6936791727071813,
    "neuroticism": 0.75
  },
  "method": "fallback",
  "timestamp": 1759347072.2696478
}