{
  "text_hash": "ea99c61498ae75db7a0bb41a75b39fe77899d1bfd6b020027ed62fb1c9916b6f",
  "profile_preview": "Loan Purpose: home_improvement | Loan Term:  60 months | Credit Grade: B (B3) | Employment Length: 2 years | Home Ownership: MORTGAGE | Income Verification: Verified | Application Type: Individual",
  "scores": {
    "openness": 0.75,
    "conscientiousness": 0.5964120541690877,
    "extraversion": 0.47674108168034374,
    "agreeableness": 0.4597721042716345,
    "neuroticism": 0.4710970966776593
  },
  "method": "fallback",
  "timestamp": 1759347072.3925629
}