{
  "text_hash": "a60db47778b4c7c323fecc0a6670276930fe2281a0663ca3592f6f7d33e4f1d2",
  "profile_preview": "Loan Purpose: house | Loan Term:  60 months | Credit Grade: D (D3) | Employment Length: 3 years | Home Ownership: RENT | Income Verification: Source Verified | Application Type: Individual",
  "scores": {
    "openness": 0.6486466209517435,
    "conscientiousness": 0.47150848886731744,
    "extraversion": 0.25,
    "agreeableness": 0.40014883349653074,
    "neuroticism": 0.25
  },
  "method": "fallback",
  "timestamp": 1759347072.0377972
}