{
  "text_hash": "f7f35cda0f8a04ee692265b946423689599ea4ad7a8800468682cadfec7e31e1",
  "profile_preview": "Loan Purpose: wedding | Loan Term:  36 months | Credit Grade: D (D1) | Employment Length: 9 years | Home Ownership: RENT | Income Verification: Not Verified | Application Type: Individual",
  "scores": {
    "openness": 0.75,
    "conscientiousness": 0.25,
    "extraversion": 0.4106811120665355,
    "agreeableness": 0.27444783069064094,
    "neuroticism": 0.35007695419482815
  },
  "method": "fallback",
  "timestamp": 1759347072.3524559
}