{
  "text_hash": "b1b7688847b83e5f4c15fdbd9339bac7199fbd695a9de5e8a3e7e3d79e724190",
  "profile_preview": "Loan Purpose: house | Loan Term:  36 months | Credit Grade: A (A5) | Employment Length: 10+ years | Home Ownership: RENT | Income Verification: Verified | Application Type: Individual",
  "scores": {
    "openness": 0.6942048391080938,
    "conscientiousness": 0.28015508485961593,
    "extraversion": 0.297210558619632,
    "agreeableness": 0.5750996339076896,
    "neuroticism": 0.25
  },
  "method": "fallback",
  "timestamp": 1759347072.395999
}