{
  "text_hash": "b1f93ea9c81860ddbec2adf1839178e4a1f207cec7f3b8119453a3b5f0137525",
  "profile_preview": "Loan Purpose: major_purchase | Loan Term:  36 months | Credit Grade: B (B1) | Employment Length: 10+ years | Home Ownership: RENT | Income Verification: Not Verified | Application Type: Individual",
  "scores": {
    "openness": 0.6952094234747834,
    "conscientiousness": 0.75,
    "extraversion": 0.7451580729673519,
    "agreeableness": 0.5139384801764829,
    "neuroticism": 0.6325993422960395
  },
  "method": "fallback",
  "timestamp": 1759347072.072939
}