{
  "text_hash": "7a75031cd6491465ac4d3f9302f6d5345d8f6e7a4f4843f24e85999f20f2c25d",
  "profile_preview": "Loan Purpose: debt_consolidation | Loan Term:  36 months | Credit Grade: C (C3) | Employment Length: 10+ years | Home Ownership: RENT | Income Verification: Verified | Application Type: Individual",
  "scores": {
    "openness": 0.4783479637648789,
    "conscientiousness": 0.75,
    "extraversion": 0.6730537162332455,
    "agreeableness": 0.25,
    "neuroticism": 0.3654698418372939
  },
  "method": "fallback",
  "timestamp": 1759347072.2275891
}