{
  "text_hash": "5336a85744c89770fef50f9345d4af7482ad0cf2ea511e8cf63e6441cecd5c55",
  "profile_preview": "Loan Purpose: debt_consolidation | Loan Term:  36 months | Credit Grade: D (D5) | Employment Length: 10+ years | Home Ownership: MORTGAGE | Income Verification: Verified | Application Type: Individual",
  "scores": {
    "openness": 0.3250527585216455,
    "conscientiousness": 0.26868578425345147,
    "extraversion": 0.75,
    "agreeableness": 0.2727765711659511,
    "neuroticism": 0.5104530422274147
  },
  "method": "fallback",
  "timestamp": 1759347072.378637
}