{
  "text_hash": "6216e5be11e48332bf28879bb6f22bad707cd3ba13c97c921922aac7f9d672b4",
  "profile_preview": "Loan Purpose: other | Loan Term:  36 months | Credit Grade: C (C2) | Employment Length: 10+ years | Home Ownership: RENT | Income Verification: Not Verified | Application Type: Individual",
  "scores": {
    "openness": 0.38316188715006266,
    "conscientiousness": 0.25,
    "extraversion": 0.7467121844521519,
    "agreeableness": 0.71463273039894,
    "neuroticism": 0.4394047098326042
  },
  "method": "fallback",
  "timestamp": 1759347072.3724182
}