{
  "text_hash": "706a2db822b6b65f8422259af701ad3f678978c7bda928df1b5f499bad55baf2",
  "profile_preview": "Loan Purpose: car | Loan Term:  36 months | Credit Grade: C (C4) | Employment Length: 5 years | Home Ownership: RENT | Income Verification: Not Verified | Application Type: Individual",
  "scores": {
    "openness": 0.43912015679271893,
    "conscientiousness": 0.25,
    "extraversion": 0.5161460401760755,
    "agreeableness": 0.75,
    "neuroticism": 0.4044414030864
  },
  "method": "fallback",
  "timestamp": 1759347071.881288
}