{
  "text_hash": "70baf4529afb35faba39048676ee7a59ff15c7b5dd1f63d8404ed265763d984c",
  "profile_preview": "Loan Purpose: wedding | Loan Term:  60 months | Credit Grade: D (D5) | Employment Length: 10+ years | Home Ownership: RENT | Income Verification: Verified | Application Type: Individual",
  "scores": {
    "openness": 0.4403526974935906,
    "conscientiousness": 0.6053956734494762,
    "extraversion": 0.7274325207638165,
    "agreeableness": 0.4645763843936325,
    "neuroticism": 0.75
  },
  "method": "fallback",
  "timestamp": 1759347072.017395
}