{
  "text_hash": "1dd8464a56a9d10217adc82bbb1d822bb99ec7700b4e903834267a80d64be285",
  "profile_preview": "Loan Purpose: credit_card | Loan Term:  36 months | Credit Grade: A (A4) | Employment Length: 9 years | Home Ownership: RENT | Income Verification: Not Verified | Application Type: Individual",
  "scores": {
    "openness": 0.25,
    "conscientiousness": 0.3385286932668017,
    "extraversion": 0.25,
    "agreeableness": 0.7309190136685313,
    "neuroticism": 0.725079026242038
  },
  "method": "fallback",
  "timestamp": 1759347072.376864
}