{
  "text_hash": "85d0e1ba443c58f5c2582a6a53b0e2061b098d022bef021cde0d006cc7486989",
  "profile_preview": "Loan Purpose: debt_consolidation | Loan Term:  36 months | Credit Grade: D (D3) | Employment Length: 5 years | Home Ownership: RENT | Income Verification: Source Verified | Application Type: Individual",
  "scores": {
    "openness": 0.522718532598279,
    "conscientiousness": 0.26654582965805795,
    "extraversion": 0.75,
    "agreeableness": 0.3269177689978196,
    "neuroticism": 0.25
  },
  "method": "fallback",
  "timestamp": 1759347072.001759
}