{
  "text_hash": "0f074ed0bc68dca0436ce8e37939a2bbf40626a6c3f0ed7f54621aae906c37c2",
  "profile_preview": "Loan Purpose: wedding | Loan Term:  36 months | Credit Grade: C (C3) | Employment Length: 4 years | Home Ownership: RENT | Income Verification: Source Verified | Application Type: Individual",
  "scores": {
    "openness": 0.25,
    "conscientiousness": 0.7359750645086112,
    "extraversion": 0.26338058041021706,
    "agreeableness": 0.4735357005786001,
    "neuroticism": 0.75
  },
  "method": "fallback",
  "timestamp": 1759347072.3650482
}