{
  "text_hash": "e43de08ba8a70c7143953a884183749c8f2b12432523fe848e4b20bec05cca9a",
  "profile_preview": "Loan Purpose: debt_consolidation | Loan Term:  36 months | Credit Grade: B (B5) | Employment Length: 9 years | Home Ownership: RENT | Income Verification: Source Verified | Application Type: Individual",
  "scores": {
    "openness": 0.75,
    "conscientiousness": 0.6587989594924262,
    "extraversion": 0.26399579836614334,
    "agreeableness": 0.255912101887146,
    "neuroticism": 0.5592509665431573
  },
  "method": "fallback",
  "timestamp": 1759347072.261538
}