{
  "text_hash": "e4efb2a140a4d3597f45d004721e777855efcc7bc46180beff6cdd723a459bbe",
  "profile_preview": "Loan Purpose: debt_consolidation | Loan Term:  60 months | Credit Grade: E (E3) | Employment Length: 10+ years | Home Ownership: RENT | Income Verification: Not Verified | Application Type: Individual",
  "scores": {
    "openness": 0.75,
    "conscientiousness": 0.25251503876701814,
    "extraversion": 0.4971590052585022,
    "agreeableness": 0.44577738466807115,
    "neuroticism": 0.33569028864979983
  },
  "method": "fallback",
  "timestamp": 1759347072.42925
}