{
  "text_hash": "8963ccdaed4e084c26b9beb99642a74d7c04c1e5c81c4a6fe08076354e7db5d5",
  "profile_preview": "Loan Purpose: other | Loan Term:  60 months | Credit Grade: C (C3) | Employment Length: < 1 year | Home Ownership: RENT | Income Verification: Source Verified | Application Type: Individual",
  "scores": {
    "openness": 0.5366790803467574,
    "conscientiousness": 0.75,
    "extraversion": 0.25,
    "agreeableness": 0.5869545521184231,
    "neuroticism": 0.48444759228370327
  },
  "method": "fallback",
  "timestamp": 1759347072.245885
}