{
  "text_hash": "552110690417ccaa9909d5a486dd56c5e26df856ade07228a6302dfab1678ab8",
  "profile_preview": "Loan Purpose: other | Loan Term:  36 months | Credit Grade: A (A3) | Employment Length: 2 years | Home Ownership: RENT | Income Verification: Not Verified | Application Type: Individual",
  "scores": {
    "openness": 0.332535768238021,
    "conscientiousness": 0.25,
    "extraversion": 0.5978063132143129,
    "agreeableness": 0.5268148643725586,
    "neuroticism": 0.75
  },
  "method": "fallback",
  "timestamp": 1759347072.091972
}