{
  "text_hash": "4bab19cbc76abd1c92c68a8a7a48f3b04459554d0277ae20f79e1fa341692a1e",
  "profile_preview": "Loan Purpose: debt_consolidation | Loan Term:  36 months | Credit Grade: D (D1) | Employment Length: 10+ years | Home Ownership: MORTGAGE | Income Verification: Verified | Application Type: Individual",
  "scores": {
    "openness": 0.2955795403792475,
    "conscientiousness": 0.75,
    "extraversion": 0.5733419979394744,
    "agreeableness": 0.47767565783059124,
    "neuroticism": 0.26698811661149097
  },
  "method": "fallback",
  "timestamp": 1759347072.367006
}