{
  "text_hash": "3fef230a7e65e8b476649a4fa3baaa4992a6d436901d3723e65cffe94fd3a02f",
  "profile_preview": "Loan Purpose: home_improvement | Loan Term:  36 months | Credit Grade: A (A2) | Employment Length: 1 year | Home Ownership: MORTGAGE | Income Verification: Not Verified | Application Type: Individual",
  "scores": {
    "openness": 0.25,
    "conscientiousness": 0.4937425079973746,
    "extraversion": 0.46247257652284407,
    "agreeableness": 0.6395670347007846,
    "neuroticism": 0.5728581078753011
  },
  "method": "fallback",
  "timestamp": 1759347072.180413
}