{
  "text_hash": "37e062d55939d83265fc9899e5de42ac63e3858f151d4f7c1e326bd9c2a2206e",
  "profile_preview": "Loan Purpose: credit_card | Loan Term:  36 months | Credit Grade: A (A4) | Employment Length: 1 year | Home Ownership: MORTGAGE | Income Verification: Source Verified | Application Type: Individual",
  "scores": {
    "openness": 0.25,
    "conscientiousness": 0.3485388873025167,
    "extraversion": 0.3983855604656007,
    "agreeableness": 0.75,
    "neuroticism": 0.39019045592057294
  },
  "method": "fallback",
  "timestamp": 1759347072.4241989
}