{
  "text_hash": "a5eabe3d8bd85553458aa91e7baf06bb325a6474584a1e01e96645b218780915",
  "profile_preview": "Loan Purpose: credit_card | Loan Term:  36 months | Credit Grade: C (C4) | Employment Length: 4 years | Home Ownership: MORTGAGE | Income Verification: Source Verified | Application Type: Individual",
  "scores": {
    "openness": 0.6481131458767022,
    "conscientiousness": 0.5462697342844377,
    "extraversion": 0.2716470431237591,
    "agreeableness": 0.4831394393656262,
    "neuroticism": 0.25
  },
  "method": "fallback",
  "timestamp": 1759347072.4075289
}