{
  "text_hash": "aee3d1898f9c2464343249ff1b94358f58a205c372f5a32a7110e1306b61e15e",
  "profile_preview": "Loan Purpose: debt_consolidation | Loan Term:  60 months | Credit Grade: F (F1) | Employment Length: 10+ years | Home Ownership: OWN | Income Verification: Verified | Application Type: Individual",
  "scores": {
    "openness": 0.6831637345448052,
    "conscientiousness": 0.5609762902746388,
    "extraversion": 0.25,
    "agreeableness": 0.25,
    "neuroticism": 0.3462222673339355
  },
  "method": "fallback",
  "timestamp": 1759347072.376269
}