{
  "text_hash": "1bf450dfb70a62cc4f1bd5b79b8f053f48e919438f9674a00eba9a9252aae5f3",
  "profile_preview": "Loan Purpose: other | Loan Term:  60 months | Credit Grade: B (B1) | Employment Length: 5 years | Home Ownership: MORTGAGE | Income Verification: Source Verified | Application Type: Individual",
  "scores": {
    "openness": 0.25,
    "conscientiousness": 0.7150022268097387,
    "extraversion": 0.3090184757739814,
    "agreeableness": 0.6076510696689718,
    "neuroticism": 0.28480680363364674
  },
  "method": "fallback",
  "timestamp": 1759347072.08256
}