{
  "text_hash": "1bfd2f01d119dfd3707ad4e574c215058cc623a42e258f2f089acb916618cc1f",
  "profile_preview": "Loan Purpose: wedding | Loan Term:  60 months | Credit Grade: B (B5) | Employment Length: < 1 year | Home Ownership: RENT | Income Verification: Verified | Application Type: Individual",
  "scores": {
    "openness": 0.25,
    "conscientiousness": 0.75,
    "extraversion": 0.43937426187083456,
    "agreeableness": 0.4560864580460094,
    "neuroticism": 0.5498983647092008
  },
  "method": "fallback",
  "timestamp": 1759347072.4082391
}