{
  "text_hash": "595aa88ba1136c0a6102e982396b4cdb308a16df2c44cce8f1d6159f34c0b9ed",
  "profile_preview": "Loan Purpose: other | Loan Term:  60 months | Credit Grade: C (C2) | Employment Length: < 1 year | Home Ownership: RENT | Income Verification: Verified | Application Type: Individual",
  "scores": {
    "openness": 0.34903958704067384,
    "conscientiousness": 0.6292026067686274,
    "extraversion": 0.37895068581657265,
    "agreeableness": 0.25,
    "neuroticism": 0.25
  },
  "method": "fallback",
  "timestamp": 1759347072.0735948
}