{
  "text_hash": "18573be6a4c99927869d20ab8c2ca3598258a90aead12c71c308f6297adecf14",
  "profile_preview": "Loan Purpose: debt_consolidation | Loan Term:  60 months | Credit Grade: C (C4) | Employment Length: 6 years | Home Ownership: MORTGAGE | Income Verification: Not Verified | Application Type: Individual",
  "scores": {
    "openness": 0.25,
    "conscientiousness": 0.6437011453424816,
    "extraversion": 0.5258350771679159,
    "agreeableness": 0.5475561231252635,
    "neuroticism": 0.5091653490693228
  },
  "method": "fallback",
  "timestamp": 1759347072.2768571
}