{
  "text_hash": "7c880bf99da50b3dd7a9701471797a6d0bcd60f891f4403a8b39214ddaa4e483",
  "profile_preview": "Loan Purpose: debt_consolidation | Loan Term:  60 months | Credit Grade: E (E5) | Employment Length: 10+ years | Home Ownership: MORTGAGE | Income Verification: Verified | Application Type: Individual",
  "scores": {
    "openness": 0.4864509090516835,
    "conscientiousness": 0.6157996201924513,
    "extraversion": 0.75,
    "agreeableness": 0.44325986072496976,
    "neuroticism": 0.25
  },
  "method": "fallback",
  "timestamp": 1759347071.7808151
}