{
  "text_hash": "7cb51e92d07f8d9e74be0302827b1167075ff49ab50622edfb1b3048bd5a4235",
  "profile_preview": "Loan Purpose: other | Loan Term:  36 months | Credit Grade: A (A1) | Employment Length: 10+ years | Home Ownership: MORTGAGE | Income Verification: Not Verified | Application Type: Individual",
  "scores": {
    "openness": 0.48713866306635056,
    "conscientiousness": 0.75,
    "extraversion": 0.45602434930764707,
    "agreeableness": 0.5096903684338765,
    "neuroticism": 0.25
  },
  "method": "fallback",
  "timestamp": 1759347072.237238
}