{
  "text_hash": "7cc180195f32db073e7e7c8e96927b78af2e6f808a17599cd86ac3e4b32e1462",
  "profile_preview": "Loan Purpose: other | Loan Term:  36 months | Credit Grade: A (A3) | Employment Length: 5 years | Home Ownership: RENT | Income Verification: Source Verified | Application Type: Individual",
  "scores": {
    "openness": 0.48732758161782463,
    "conscientiousness": 0.371869744586728,
    "extraversion": 0.25,
    "agreeableness": 0.5881726426510542,
    "neuroticism": 0.684302300374094
  },
  "method": "fallback",
  "timestamp": 1759347071.96444
}