{
  "text_hash": "a927f954387892df8c294ed8eaeea775659b3716568129c9b690b29add432f9a",
  "profile_preview": "Loan Purpose: other | Loan Term:  60 months | Credit Grade: D (D2) | Employment Length: 1 year | Home Ownership: RENT | Income Verification: Verified | Application Type: Individual",
  "scores": {
    "openness": 0.6607662040416072,
    "conscientiousness": 0.25,
    "extraversion": 0.54750530993275,
    "agreeableness": 0.75,
    "neuroticism": 0.3968996457748347
  },
  "method": "fallback",
  "timestamp": 1759347071.7184372
}