{
  "text_hash": "a945d0fa00a821099c7b625daa546630b6c7268ae4addd894605b6d3fbb14589",
  "profile_preview": "Loan Purpose: other | Loan Term:  36 months | Credit Grade: A (A5) | Employment Length: 7 years | Home Ownership: RENT | Income Verification: Not Verified | Application Type: Individual",
  "scores": {
    "openness": 0.6612215625730393,
    "conscientiousness": 0.25,
    "extraversion": 0.6112576941054448,
    "agreeableness": 0.665350329285802,
    "neuroticism": 0.7139762962968034
  },
  "method": "fallback",
  "timestamp": 1759347071.647655
}