{
  "text_hash": "a964d9dcd2d27a805c0237d74da9826252986d38cea5d7b428621defd4ca1f58",
  "profile_preview": "Loan Purpose: debt_consolidation | Loan Term:  60 months | Credit Grade: F (F4) | Employment Length: 2 years | Home Ownership: OWN | Income Verification: Source Verified | Application Type: Individual",
  "scores": {
    "openness": 0.6616951144909707,
    "conscientiousness": 0.75,
    "extraversion": 0.3594088459758574,
    "agreeableness": 0.3033677568434197,
    "neuroticism": 0.32263834595741664
  },
  "method": "fallback",
  "timestamp": 1759347072.136506
}