{
  "text_hash": "a9765b241215520859f2c47fb41096169335c675127282e7d496b50976637152",
  "profile_preview": "Loan Purpose: debt_consolidation | Loan Term:  36 months | Credit Grade: A (A1) | Employment Length: 8 years | Home Ownership: RENT | Income Verification: Source Verified | Application Type: Individual",
  "scores": {
    "openness": 0.6619622196680778,
    "conscientiousness": 0.25,
    "extraversion": 0.3513605891148002,
    "agreeableness": 0.7033780866077585,
    "neuroticism": 0.5750392949150501
  },
  "method": "fallback",
  "timestamp": 1759347072.152801
}