{
  "text_hash": "5603714d18601569f83e753dbf37379d52e733431fb789b6f128b2918bff2ef7",
  "profile_preview": "Loan Purpose: home_improvement | Loan Term:  36 months | Credit Grade: A (A4) | Employment Length: 3 years | Home Ownership: MORTGAGE | Income Verification: Verified | Application Type: Individual",
  "scores": {
    "openness": 0.33599002969823544,
    "conscientiousness": 0.25,
    "extraversion": 0.75,
    "agreeableness": 0.7469362983822209,
    "neuroticism": 0.32384033578537413
  },
  "method": "fallback",
  "timestamp": 1759347072.150173
}