{
  "text_hash": "56bc74d2813d3e0163aa4797e35c55b50acf772dc168e905d2703a1e7437265e",
  "profile_preview": "Loan Purpose: credit_card | Loan Term:  36 months | Credit Grade: C (C3) | Employment Length: 2 years | Home Ownership: MORTGAGE | Income Verification: Source Verified | Application Type: Individual",
  "scores": {
    "openness": 0.3388131154558652,
    "conscientiousness": 0.5048407319711616,
    "extraversion": 0.3893170113184762,
    "agreeableness": 0.75,
    "neuroticism": 0.25
  },
  "method": "fallback",
  "timestamp": 1759347072.2280838
}