{
  "text_hash": "273e14a9912e87eb8dccaf134ef59b72a947e57cd81965a32f5285c155b78055",
  "profile_preview": "Loan Purpose: debt_consolidation | Loan Term:  36 months | Credit Grade: C (C2) | Employment Length: < 1 year | Home Ownership: RENT | Income Verification: Verified | Application Type: Individual",
  "scores": {
    "openness": 0.25,
    "conscientiousness": 0.567116255771163,
    "extraversion": 0.5539044783343339,
    "agreeableness": 0.30843516865475923,
    "neuroticism": 0.6612533025120509
  },
  "method": "fallback",
  "timestamp": 1759347071.6239
}