{
  "text_hash": "c64bfe3b727476b7c8090165a19420cf60ab2177747eb49d5a68e3b06a69f196",
  "profile_preview": "Loan Purpose: debt_consolidation | Loan Term:  36 months | Credit Grade: A (A5) | Employment Length: 4 years | Home Ownership: MORTGAGE | Income Verification: Verified | Application Type: Individual",
  "scores": {
    "openness": 0.75,
    "conscientiousness": 0.44708959559143746,
    "extraversion": 0.75,
    "agreeableness": 0.6311665064727809,
    "neuroticism": 0.37761124767773113
  },
  "method": "fallback",
  "timestamp": 1759347072.390499
}