{
  "text_hash": "6a9813446ae27aa51f4afa1753597530100e663b35f6c38665d52238d3684980",
  "profile_preview": "Loan Purpose: debt_consolidation | Loan Term:  60 months | Credit Grade: C (C2) | Employment Length: 1 year | Home Ownership: MORTGAGE | Income Verification: Source Verified | Application Type: Individual",
  "scores": {
    "openness": 0.41638298435518123,
    "conscientiousness": 0.4175182966090549,
    "extraversion": 0.25,
    "agreeableness": 0.325583767221678,
    "neuroticism": 0.25
  },
  "method": "fallback",
  "timestamp": 1759347072.261813
}