{
  "text_hash": "d3a53a5af68485e57cc569cc4370e99d9ab5d654069230af91d66a9432b78870",
  "profile_preview": "Loan Purpose: small_business | Loan Term:  60 months | Credit Grade: B (B3) | Employment Length: 4 years | Home Ownership: MORTGAGE | Income Verification: Verified | Application Type: Individual",
  "scores": {
    "openness": 0.75,
    "conscientiousness": 0.75,
    "extraversion": 0.4873872875439439,
    "agreeableness": 0.263441658872981,
    "neuroticism": 0.6043371159127767
  },
  "method": "fallback",
  "timestamp": 1759347072.14483
}