{
  "text_hash": "f26278608a14415b7245c3207265d1207aa218ef0b3343008872c9c0df8c6ceb",
  "profile_preview": "Loan Purpose: credit_card | Loan Term:  36 months | Credit Grade: C (C3) | Employment Length: 7 years | Home Ownership: RENT | Income Verification: Not Verified | Application Type: Individual",
  "scores": {
    "openness": 0.75,
    "conscientiousness": 0.5393715713963312,
    "extraversion": 0.44637698690555455,
    "agreeableness": 0.44686610262069526,
    "neuroticism": 0.47903591009765767
  },
  "method": "fallback",
  "timestamp": 1759347071.6624901
}