{
  "text_hash": "f2afe7be86b9daa1b9d9e48d8e4e1360863b2b5b8412ef15ef65750d6c410934",
  "profile_preview": "Loan Purpose: debt_consolidation | Loan Term:  36 months | Credit Grade: B (B4) | Employment Length: 3 years | Home Ownership: RENT | Income Verification: Verified | Application Type: Individual",
  "scores": {
    "openness": 0.75,
    "conscientiousness": 0.5262734073973897,
    "extraversion": 0.7259810300837227,
    "agreeableness": 0.5558788405162931,
    "neuroticism": 0.5243403528640839
  },
  "method": "fallback",
  "timestamp": 1759347072.009234
}