{
  "text_hash": "cd939448605fdb06521fb12cf5fd8a7352693e9e0f94e12123d8570b24c32fef",
  "profile_preview": "Loan Purpose: car | Loan Term:  60 months | Credit Grade: B (B3) | Employment Length: 7 years | Home Ownership: MORTGAGE | Income Verification: Not Verified | Application Type: Individual",
  "scores": {
    "openness": 0.75,
    "conscientiousness": 0.3764626398627792,
    "extraversion": 0.3207960828023022,
    "agreeableness": 0.75,
    "neuroticism": 0.32191840520173276
  },
  "method": "fallback",
  "timestamp": 1759347071.95354
}