{
  "text_hash": "145a17d093d41e9f8ecceb6ac2f6179758a398c1fe9372e41f60b6aa624a7431",
  "profile_preview": "Loan Purpose: wedding | Loan Term:  36 months | Credit Grade: A (A2) | Employment Length: 3 years | Home Ownership: RENT | Income Verification: Not Verified | Application Type: Individual",
  "scores": {
    "openness": 0.25,
    "conscientiousness": 0.5774554385751149,
    "extraversion": 0.5578143248701967,
    "agreeableness": 0.75,
    "neuroticism": 0.3462462875401243
  },
  "method": "fallback",
  "timestamp": 1759347072.194247
}