{
  "text_hash": "16428a3c2976609e720f368a96ee936974ea1491058599d7bddaaf982aae96fa",
  "profile_preview": "Loan Purpose: debt_consolidation | Loan Term:  60 months | Credit Grade: F (F3) | Employment Length: 4 years | Home Ownership: MORTGAGE | Income Verification: Verified | Application Type: Individual",
  "scores": {
    "openness": 0.25,
    "conscientiousness": 0.25,
    "extraversion": 0.44554463272112066,
    "agreeableness": 0.5895778782641463,
    "neuroticism": 0.45669678260029684
  },
  "method": "fallback",
  "timestamp": 1759347072.017649
}