{
  "text_hash": "16659000d14d66f29deb84919745b98a9cbd51fff0aa179e379ed79a85231eff",
  "profile_preview": "Loan Purpose: credit_card | Loan Term:  60 months | Credit Grade: B (B4) | Employment Length: 10+ years | Home Ownership: MORTGAGE | Income Verification: Source Verified | Application Type: Individual",
  "scores": {
    "openness": 0.25,
    "conscientiousness": 0.75,
    "extraversion": 0.6168749671468686,
    "agreeableness": 0.5909076655728062,
    "neuroticism": 0.6122637986234072
  },
  "method": "fallback",
  "timestamp": 1759347072.3346298
}