{
  "text_hash": "8f67bd01ba3e0d7ec63b24bd57ed8f924f600b56338f7f99bef7e824926abac4",
  "profile_preview": "Loan Purpose: other | Loan Term:  36 months | Credit Grade: A (A1) | Employment Length: nan | Home Ownership: OWN | Income Verification: Not Verified | Application Type: Individual",
  "scores": {
    "openness": 0.560176670914557,
    "conscientiousness": 0.7275093492883047,
    "extraversion": 0.75,
    "agreeableness": 0.3434686405452594,
    "neuroticism": 0.3100592694967192
  },
  "method": "fallback",
  "timestamp": 1759347072.331954
}