{
  "text_hash": "67818df1562097d6bcc8d924255bd8d3247bb8ca4e4c3ac537c33823a9ca6a91",
  "profile_preview": "Loan Purpose: credit_card | Loan Term:  36 months | Credit Grade: A (A1) | Employment Length: 3 years | Home Ownership: RENT | Income Verification: Not Verified | Application Type: Individual",
  "scores": {
    "openness": 0.40432059425029915,
    "conscientiousness": 0.33643483145545117,
    "extraversion": 0.737439700574018,
    "agreeableness": 0.25,
    "neuroticism": 0.25
  },
  "method": "fallback",
  "timestamp": 1759347071.6573682
}