{
  "text_hash": "67a4a6f2012db075bd0bbb689ec5bb49afefd1230ca51fc4eea10d862146bb79",
  "profile_preview": "Loan Purpose: debt_consolidation | Loan Term:  36 months | Credit Grade: A (A2) | Employment Length: 6 years | Home Ownership: MORTGAGE | Income Verification: Not Verified | Application Type: Individual",
  "scores": {
    "openness": 0.4048561422165614,
    "conscientiousness": 0.25,
    "extraversion": 0.7384602671345836,
    "agreeableness": 0.6202046446549251,
    "neuroticism": 0.6872530662657816
  },
  "method": "fallback",
  "timestamp": 1759347072.27514
}