{
  "text_hash": "438b05d9017daa51bda951bfaaab233045e6604c4fb371debaa714a333b8d6f8",
  "profile_preview": "Loan Purpose: debt_consolidation | Loan Term:  36 months | Credit Grade: D (D4) | Employment Length: 3 years | Home Ownership: RENT | Income Verification: Not Verified | Application Type: Individual",
  "scores": {
    "openness": 0.2638400702885911,
    "conscientiousness": 0.25,
    "extraversion": 0.7408648579709383,
    "agreeableness": 0.6666738504233476,
    "neuroticism": 0.27304651128897595
  },
  "method": "fallback",
  "timestamp": 1759347072.143561
}