{
  "text_hash": "dce0a09da9294bac325571169099f99952bd0dee50ca06dc932013fd35702596",
  "profile_preview": "Loan Purpose: home_improvement | Loan Term:  60 months | Credit Grade: B (B3) | Employment Length: 8 years | Home Ownership: RENT | Income Verification: Verified | Application Type: Individual",
  "scores": {
    "openness": 0.75,
    "conscientiousness": 0.6607863709006426,
    "extraversion": 0.25,
    "agreeableness": 0.5648494720377143,
    "neuroticism": 0.32319724148213796
  },
  "method": "fallback",
  "timestamp": 1759347072.1620622
}