{
  "text_hash": "7ea14e88fd4547d97f704d11ed55f4825bd5f16b6026439cc9f9ed2187ad1b49",
  "profile_preview": "Loan Purpose: other | Loan Term:  36 months | Credit Grade: C (C4) | Employment Length: 5 years | Home Ownership: RENT | Income Verification: Not Verified | Application Type: Individual",
  "scores": {
    "openness": 0.49464884598149195,
    "conscientiousness": 0.75,
    "extraversion": 0.49780732800667343,
    "agreeableness": 0.75,
    "neuroticism": 0.3587332617861063
  },
  "method": "fallback",
  "timestamp": 1759347072.2919471
}