{
  "text_hash": "7ef059fdd17eb2a496a5ec38cb3b27f24f0f3b2b38458aad76b140719196a796",
  "profile_preview": "Loan Purpose: home_improvement | Loan Term:  36 months | Credit Grade: C (C1) | Employment Length: 6 years | Home Ownership: RENT | Income Verification: Verified | Application Type: Individual",
  "scores": {
    "openness": 0.49585497320998806,
    "conscientiousness": 0.75,
    "extraversion": 0.5884692800670093,
    "agreeableness": 0.75,
    "neuroticism": 0.30882615859360113
  },
  "method": "fallback",
  "timestamp": 1759347071.9738612
}