{
  "text_hash": "7efd713625c00eb18970bb4f90e264292ec58a2a6bc404aaa468c065297606a0",
  "profile_preview": "Loan Purpose: other | Loan Term:  36 months | Credit Grade: A (A1) | Employment Length: 9 years | Home Ownership: MORTGAGE | Income Verification: Not Verified | Application Type: Individual",
  "scores": {
    "openness": 0.4960547216460236,
    "conscientiousness": 0.25,
    "extraversion": 0.5368763989621951,
    "agreeableness": 0.5659544564704305,
    "neuroticism": 0.25
  },
  "method": "fallback",
  "timestamp": 1759347071.667051
}