{
  "text_hash": "bc2b162d5328fc85460950a043c24a6d0e0c26289869ad49ac6e7e67a95c85ed",
  "profile_preview": "Loan Purpose: debt_consolidation | Loan Term:  60 months | Credit Grade: E (E2) | Employment Length: 7 years | Home Ownership: RENT | Income Verification: Verified | Application Type: Individual",
  "scores": {
    "openness": 0.7350324498803896,
    "conscientiousness": 0.32484415297509267,
    "extraversion": 0.27357963478974523,
    "agreeableness": 0.26468339126200496,
    "neuroticism": 0.25
  },
  "method": "fallback",
  "timestamp": 1759347071.732194
}