{
  "text_hash": "bc4adfa27a0422906f7bf1d91ac5c8157beaa2259a833cb260aad9729c2a741d",
  "profile_preview": "Loan Purpose: other | Loan Term:  36 months | Credit Grade: C (C1) | Employment Length: 2 years | Home Ownership: RENT | Income Verification: Verified | Application Type: Individual",
  "scores": {
    "openness": 0.7355174801162252,
    "conscientiousness": 0.4766255953527581,
    "extraversion": 0.43548499639972227,
    "agreeableness": 0.25,
    "neuroticism": 0.4840489713205139
  },
  "method": "fallback",
  "timestamp": 1759347072.342154
}