{
  "text_hash": "3169a8c199c8ec3d9c71c5d5a57f2206825a99558fc5e175d4f7997433295bca",
  "profile_preview": "Loan Purpose: debt_consolidation | Loan Term:  36 months | Credit Grade: B (B3) | Employment Length: 9 years | Home Ownership: OWN | Income Verification: Not Verified | Application Type: Individual",
  "scores": {
    "openness": 0.25,
    "conscientiousness": 0.6007220888512028,
    "extraversion": 0.6111110350142958,
    "agreeableness": 0.646471144316362,
    "neuroticism": 0.5091949304354365
  },
  "method": "fallback",
  "timestamp": 1759347072.3217402
}