{
  "text_hash": "31f16f37534cd621ed48ddd175677374be68c9e91db92bd5ab8e813683abd1b1",
  "profile_preview": "Loan Purpose: credit_card | Loan Term:  36 months | Credit Grade: C (C4) | Employment Length: 10+ years | Home Ownership: OWN | Income Verification: Source Verified | Application Type: Individual",
  "scores": {
    "openness": 0.25,
    "conscientiousness": 0.32539118112190424,
    "extraversion": 0.75,
    "agreeableness": 0.45860978692271975,
    "neuroticism": 0.7437864490188161
  },
  "method": "fallback",
  "timestamp": 1759347072.4112582
}