{
  "text_hash": "f887c7ceb0440641a3a3c09fb81467843b704310ff4ba6de516b0f4f4185ed16",
  "profile_preview": "Loan Purpose: credit_card | Loan Term:  60 months | Credit Grade: D (D4) | Employment Length: 7 years | Home Ownership: RENT | Income Verification: Verified | Application Type: Individual",
  "scores": {
    "openness": 0.75,
    "conscientiousness": 0.6885379705784233,
    "extraversion": 0.6392174138778861,
    "agreeableness": 0.7190613459607264,
    "neuroticism": 0.25
  },
  "method": "fallback",
  "timestamp": 1759347071.975866
}