{
  "text_hash": "bde5dbb37329a54e60bf6d98e540ef2dc5636c3dd3231216cc9ab3990df8a511",
  "profile_preview": "Loan Purpose: wedding | Loan Term:  36 months | Credit Grade: C (C1) | Employment Length: 4 years | Home Ownership: RENT | Income Verification: Verified | Application Type: Individual",
  "scores": {
    "openness": 0.7417886079619146,
    "conscientiousness": 0.4498542133834805,
    "extraversion": 0.3779209610954674,
    "agreeableness": 0.75,
    "neuroticism": 0.75
  },
  "method": "fallback",
  "timestamp": 1759347072.008248
}