{
  "text_hash": "dfbfa9d5918e91718ce6ab7440cdc771a691cfa4a9010eb8c9c359020ff0376d",
  "profile_preview": "Loan Purpose: credit_card | Loan Term:  60 months | Credit Grade: C (C2) | Employment Length: 7 years | Home Ownership: RENT | Income Verification: Not Verified | Application Type: Individual",
  "scores": {
    "openness": 0.75,
    "conscientiousness": 0.5685816671626134,
    "extraversion": 0.550394741015135,
    "agreeableness": 0.2531399394509243,
    "neuroticism": 0.6506624009112507
  },
  "method": "fallback",
  "timestamp": 1759347071.94651
}