{
  "text_hash": "01ddd1425ef73bd5612982db61514ae0f1ec063adcd023fcb1b3f3db32819d88",
  "profile_preview": "Loan Purpose: other | Loan Term:  36 months | Credit Grade: A (A4) | Employment Length: 5 years | Home Ownership: RENT | Income Verification: Not Verified | Application Type: Individual",
  "scores": {
    "openness": 0.25,
    "conscientiousness": 0.3709599872517772,
    "extraversion": 0.37953966003366274,
    "agreeableness": 0.38014667490034987,
    "neuroticism": 0.75
  },
  "method": "fallback",
  "timestamp": 1759347072.4060621
}