{
  "text_hash": "12a770caacfde75e777a6e3c433d76ec478b40ececfebac7bf849054d976dffa",
  "profile_preview": "Loan Purpose: wedding | Loan Term:  36 months | Credit Grade: C (C3) | Employment Length: 7 years | Home Ownership: MORTGAGE | Income Verification: Verified | Application Type: Individual",
  "scores": {
    "openness": 0.25,
    "conscientiousness": 0.6757492643491713,
    "extraversion": 0.46671189285505377,
    "agreeableness": 0.2626566244900824,
    "neuroticism": 0.27946859139005387
  },
  "method": "fallback",
  "timestamp": 1759347071.964759
}