{
  "text_hash": "b6d9fc245f0715ddb66334057f34a14f02a59ffd4fb1bd0202fdfaa0957905b2",
  "profile_preview": "Loan Purpose: debt_consolidation | Loan Term:  36 months | Credit Grade: C (C3) | Employment Length: 7 years | Home Ownership: MORTGAGE | Income Verification: Verified | Application Type: Individual",
  "scores": {
    "openness": 0.7142636861452516,
    "conscientiousness": 0.3712018647629772,
    "extraversion": 0.7124512208887496,
    "agreeableness": 0.4968968218883725,
    "neuroticism": 0.25
  },
  "method": "fallback",
  "timestamp": 1759347072.103508
}