{
  "text_hash": "784aeb4423402e4990fb5715f18a753dbc961cf9ed3073b56bf2868dade2812d",
  "profile_preview": "Loan Purpose: credit_card | Loan Term:  60 months | Credit Grade: D (D3) | Employment Length: 7 years | Home Ownership: MORTGAGE | Income Verification: Not Verified | Application Type: Individual",
  "scores": {
    "openness": 0.4698931734240365,
    "conscientiousness": 0.25,
    "extraversion": 0.5663351466800867,
    "agreeableness": 0.75,
    "neuroticism": 0.7366655454357773
  },
  "method": "fallback",
  "timestamp": 1759346997.698242
}