{
  "text_hash": "785a179cb3f899d179705627d6c5dd63188f2c341555ed742fa59b295945a019",
  "profile_preview": "Loan Purpose: vacation | Loan Term:  36 months | Credit Grade: A (A2) | Employment Length: 10+ years | Home Ownership: MORTGAGE | Income Verification: Not Verified | Application Type: Individual",
  "scores": {
    "openness": 0.4701246983534947,
    "conscientiousness": 0.7030120980234379,
    "extraversion": 0.47437036956529377,
    "agreeableness": 0.75,
    "neuroticism": 0.25
  },
  "method": "fallback",
  "timestamp": 1759347072.436447
}