{
  "text_hash": "78ba62e88097156532c2451bee6a1f875c0c2de5d4a116fb2318129de39f96ed",
  "profile_preview": "Loan Purpose: debt_consolidation | Loan Term:  60 months | Credit Grade: F (F4) | Employment Length: 5 years | Home Ownership: RENT | Income Verification: Verified | Application Type: Individual",
  "scores": {
    "openness": 0.4715940301473239,
    "conscientiousness": 0.5023053524788249,
    "extraversion": 0.25,
    "agreeableness": 0.75,
    "neuroticism": 0.35956084107969905
  },
  "method": "fallback",
  "timestamp": 1759347072.2015371
}