{
  "text_hash": "a72eced49555d19ea309d7570fa8ea3e70dfc520e3dfc35f1084bee92eb8b905",
  "profile_preview": "Loan Purpose: other | Loan Term:  36 months | Credit Grade: A (A5) | Employment Length: nan | Home Ownership: MORTGAGE | Income Verification: Source Verified | Application Type: Individual",
  "scores": {
    "openness": 0.6530579823658471,
    "conscientiousness": 0.5833407413641318,
    "extraversion": 0.6368689145047378,
    "agreeableness": 0.25,
    "neuroticism": 0.44091445962919723
  },
  "method": "fallback",
  "timestamp": 1759347071.703795
}