{
  "text_hash": "9b7d072099e1d1cf5b912a677a0a95199d92f572a6d033e3714f8ab39e2bd2fa",
  "profile_preview": "Loan Purpose: moving | Loan Term:  36 months | Credit Grade: B (B1) | Employment Length: 4 years | Home Ownership: RENT | Income Verification: Not Verified | Application Type: Individual",
  "scores": {
    "openness": 0.6073765234573224,
    "conscientiousness": 0.6011019832457187,
    "extraversion": 0.35768380187397913,
    "agreeableness": 0.47672397491445856,
    "neuroticism": 0.6155236630271012
  },
  "method": "fallback",
  "timestamp": 1759347072.423271
}