{
  "text_hash": "9ba70778ebf02c36b30730509359a3125e4e127b08aa2ee80c82af92d5b2bfd5",
  "profile_preview": "Loan Purpose: debt_consolidation | Loan Term:  60 months | Credit Grade: B (B3) | Employment Length: 5 years | Home Ownership: RENT | Income Verification: Verified | Application Type: Individual",
  "scores": {
    "openness": 0.6080174130871933,
    "conscientiousness": 0.75,
    "extraversion": 0.6993284413356633,
    "agreeableness": 0.5755865021086266,
    "neuroticism": 0.36837878715442
  },
  "method": "fallback",
  "timestamp": 1759347072.084424
}