{
  "baseline": {
    "test_acc": 0.8458851247055,
    "precision": 0.44776119402985076,
    "recall": 0.015873015873015872,
    "f1": 0.030659172202350538,
    "auc": 0.6970619279694048,
    "specificity": 0.9964487954698148
  },
  "ocean": {
    "test_acc": 0.8457226419692908,
    "precision": 0.43478260869565216,
    "recall": 0.015873015873015872,
    "f1": 0.030627871362940276,
    "auc": 0.6927567716894908,
    "specificity": 0.9962568384681831
  },
  "improvement_auc": -0.004305156279914013,
  "improvement_f1": -3.1300839410261516e-05
}