{
  "text_hash": "3e8644d252fea9bc6ecb1bd763b2e546560480ed599b2332daa27662446e065e",
  "profile_preview": "Loan Purpose: debt_consolidation | Loan Term:  36 months | Credit Grade: D (D2) | Employment Length: nan | Home Ownership: RENT | Income Verification: Verified | Application Type: Individual",
  "scores": {
    "openness": 0.25,
    "conscientiousness": 0.32419834945448633,
    "extraversion": 0.43278669366445083,
    "agreeableness": 0.38944848030559914,
    "neuroticism": 0.3360062198098763
  },
  "method": "fallback",
  "timestamp": 1759347072.392892
}