{
  "text_hash": "0313e7ee697138c2795f0a61fce1a0bd62259b066a35825a513b0e403af33b40",
  "profile_preview": "Loan Purpose: debt_consolidation | Loan Term:  60 months | Credit Grade: G (G3) | Employment Length: 3 years | Home Ownership: RENT | Income Verification: Verified | Application Type: Individual",
  "scores": {
    "openness": 0.25,
    "conscientiousness": 0.41188387628921397,
    "extraversion": 0.4741064537023442,
    "agreeableness": 0.75,
    "neuroticism": 0.38338631540150064
  },
  "method": "fallback",
  "timestamp": 1759347072.088536
}