{
  "text_hash": "d6df32325d35de0fb2591115795672f3341891ddeb447fa03b2eef7426f21dfe",
  "profile_preview": "Loan Purpose: car | Loan Term:  36 months | Credit Grade: A (A5) | Employment Length: 10+ years | Home Ownership: MORTGAGE | Income Verification: Not Verified | Application Type: Individual",
  "scores": {
    "openness": 0.75,
    "conscientiousness": 0.3641032016286867,
    "extraversion": 0.6966715505571737,
    "agreeableness": 0.4739753574770818,
    "neuroticism": 0.25
  },
  "method": "fallback",
  "timestamp": 1759347072.0374541
}