{
  "text_hash": "2b601a02530a93705df0545097a61ecd914601482c3f7208b8527d5b105eb4b1",
  "profile_preview": "Loan Purpose: small_business | Loan Term:  36 months | Credit Grade: A (A2) | Employment Length: 2 years | Home Ownership: RENT | Income Verification: Source Verified | Application Type: Individual",
  "scores": {
    "openness": 0.25,
    "conscientiousness": 0.3243801259259647,
    "extraversion": 0.36694838487704945,
    "agreeableness": 0.5923785449919241,
    "neuroticism": 0.5674744417349515
  },
  "method": "fallback",
  "timestamp": 1759347072.016614
}