{
  "text_hash": "ca0f10d0272f199777253d6bad78e32d95949c7c347b1a6a6f9e0bef0075e7b7",
  "profile_preview": "Loan Purpose: medical | Loan Term:  36 months | Credit Grade: A (A5) | Employment Length: 5 years | Home Ownership: RENT | Income Verification: Not Verified | Application Type: Individual",
  "scores": {
    "openness": 0.75,
    "conscientiousness": 0.25,
    "extraversion": 0.4654119860998848,
    "agreeableness": 0.677625845577015,
    "neuroticism": 0.5842988781128775
  },
  "method": "fallback",
  "timestamp": 1759347072.2135801
}