{
  "text_hash": "ca6846534fb0bb6a665cac92b382396d57abbd83ef87f2527f361350553e557e",
  "profile_preview": "Loan Purpose: small_business | Loan Term:  36 months | Credit Grade: B (B2) | Employment Length: < 1 year | Home Ownership: RENT | Income Verification: Not Verified | Application Type: Individual",
  "scores": {
    "openness": 0.75,
    "conscientiousness": 0.3112904676960992,
    "extraversion": 0.39985159467902304,
    "agreeableness": 0.7012058155846795,
    "neuroticism": 0.34246429878810053
  },
  "method": "fallback",
  "timestamp": 1759347072.268471
}