{
  "text_hash": "a81c3543ba1c0ebaabaa6fec611bf8ad06c90562a1d1999970ffc90ff9c1e957",
  "profile_preview": "Loan Purpose: credit_card | Loan Term:  36 months | Credit Grade: C (C1) | Employment Length: 10+ years | Home Ownership: OWN | Income Verification: Not Verified | Application Type: Individual",
  "scores": {
    "openness": 0.6566804208924716,
    "conscientiousness": 0.7269906240345423,
    "extraversion": 0.6705694153603561,
    "agreeableness": 0.3793330596246135,
    "neuroticism": 0.25
  },
  "method": "fallback",
  "timestamp": 1759347072.0235891
}