{
  "text_hash": "e147c55d401974c0bf6018d7a953ecb16e72afa574d31fcc92fe636def447e23",
  "profile_preview": "Loan Purpose: debt_consolidation | Loan Term:  60 months | Credit Grade: D (D3) | Employment Length: 7 years | Home Ownership: OWN | Income Verification: Source Verified | Application Type: Individual",
  "scores": {
    "openness": 0.75,
    "conscientiousness": 0.2503884286271381,
    "extraversion": 0.7475600744941179,
    "agreeableness": 0.6614368375533812,
    "neuroticism": 0.43143747128346877
  },
  "method": "fallback",
  "timestamp": 1759347072.000521
}