{
  "text_hash": "e19fe66685189fa952b131284e89edf406600faee79d26c3f9122f7cb89d00a3",
  "profile_preview": "Loan Purpose: other | Loan Term:  60 months | Credit Grade: E (E4) | Employment Length: 2 years | Home Ownership: MORTGAGE | Income Verification: Verified | Application Type: Individual",
  "scores": {
    "openness": 0.75,
    "conscientiousness": 0.5199069775454483,
    "extraversion": 0.3230162356800903,
    "agreeableness": 0.3067921372844819,
    "neuroticism": 0.25
  },
  "method": "fallback",
  "timestamp": 1759347072.1318421
}