Model,Total Samples,Valid Samples,Valid Percentage,All=0.5 Count,All=0.5 Percentage,Average Std Dev,Processing Time (min),Time per Sample (sec),Quality Score
DeepSeek-V3.1,500,500,100.0,0,0.0,0.12940761263627767,32.5,3.9,73.88222837908833
GPT-OSS-120B,500,500,100.0,5,1.0,0.12556073513981084,42.1,5.052,73.36682205419432
Gemma-2-9B,500,500,100.0,0,0.0,0.10741582128348767,19.0,2.28,73.22247463850464
Llama-3.1-8B,500,490,98.0,10,2.0,0.14422804996899688,30.0,3.6,72.9268414990699
Qwen-2.5-72B,500,495,99.0,7,1.4000000000000001,0.10647169750414745,70.2,8.424,72.33415092512442
