{
  "text_hash": "4a40ace9f0b1ab402c51e3028d919209a8b04cd4a64622647c4ac6d7143c7efd",
  "profile_preview": "Loan Purpose: credit_card | Loan Term:  60 months | Credit Grade: B (B3) | Employment Length: 10+ years | Home Ownership: MORTGAGE | Income Verification: Verified | Application Type: Individual",
  "scores": {
    "openness": 0.2900493688159737,
    "conscientiousness": 0.75,
    "extraversion": 0.25,
    "agreeableness": 0.5530024789164314,
    "neuroticism": 0.6589401263415209
  },
  "method": "fallback",
  "timestamp": 1759347072.111627
}