{
  "text_hash": "c44868f4d3f416cf636f08a16a3c5163a96cb16c3fa55602425ed3a97a459590",
  "profile_preview": "Loan Purpose: wedding | Loan Term:  60 months | Credit Grade: E (E5) | Employment Length: 5 years | Home Ownership: MORTGAGE | Income Verification: Verified | Application Type: Individual",
  "scores": {
    "openness": 0.75,
    "conscientiousness": 0.75,
    "extraversion": 0.38841298999926377,
    "agreeableness": 0.41498287846683124,
    "neuroticism": 0.6618147745406755
  },
  "method": "fallback",
  "timestamp": 1759347072.199191
}