{
  "text_hash": "c4c8f323b4c72d048801763bc8ad042a434e94a124feb7a0cf09f8f544b0560b",
  "profile_preview": "Loan Purpose: home_improvement | Loan Term:  36 months | Credit Grade: B (B5) | Employment Length: 6 years | Home Ownership: RENT | Income Verification: Not Verified | Application Type: Individual",
  "scores": {
    "openness": 0.75,
    "conscientiousness": 0.7061641823281917,
    "extraversion": 0.5312723059978505,
    "agreeableness": 0.75,
    "neuroticism": 0.2629177945812507
  },
  "method": "fallback",
  "timestamp": 1759347071.698254
}