{
  "text_hash": "ab0e68389e4c5a549c4e004972b5ff0f0c06d98ac1ba47287776f6f47373ec20",
  "profile_preview": "Loan Purpose: debt_consolidation | Loan Term:  36 months | Credit Grade: A (A2) | Employment Length: nan | Home Ownership: RENT | Income Verification: Verified | Application Type: Individual",
  "scores": {
    "openness": 0.6681885851240225,
    "conscientiousness": 0.6183525520885252,
    "extraversion": 0.6105652026856703,
    "agreeableness": 0.44808954360151887,
    "neuroticism": 0.25
  },
  "method": "fallback",
  "timestamp": 1759347072.231018
}