{
  "text_hash": "ab811d77a7741fca40d059b272ab5671e1da1968d0d96dbbfdf0a6d0dd28881c",
  "profile_preview": "Loan Purpose: credit_card | Loan Term:  36 months | Credit Grade: D (D4) | Employment Length: 7 years | Home Ownership: RENT | Income Verification: Verified | Application Type: Individual",
  "scores": {
    "openness": 0.6699388901865899,
    "conscientiousness": 0.6541156644593262,
    "extraversion": 0.2531791744411874,
    "agreeableness": 0.44792690534329205,
    "neuroticism": 0.75
  },
  "method": "fallback",
  "timestamp": 1759347071.734244
}