{
  "text_hash": "8e2ba21c94532641a6dce3ba7345078cfc9f7340de25a4bbe67d65eff500c55e",
  "profile_preview": "Loan Purpose: other | Loan Term:  60 months | Credit Grade: B (B4) | Employment Length: 4 years | Home Ownership: RENT | Income Verification: Verified | Application Type: Individual",
  "scores": {
    "openness": 0.5553532905307024,
    "conscientiousness": 0.5793937597375814,
    "extraversion": 0.6518080073063746,
    "agreeableness": 0.4502720563789532,
    "neuroticism": 0.75
  },
  "method": "fallback",
  "timestamp": 1759347072.392728
}