{
  "text_hash": "8ece78edfb201efb8c06efe660f554576892def14bdef8ce0a159fb94b01bb9c",
  "profile_preview": "Loan Purpose: home_improvement | Loan Term:  36 months | Credit Grade: A (A2) | Employment Length: 10+ years | Home Ownership: MORTGAGE | Income Verification: Source Verified | Application Type: Individual",
  "scores": {
    "openness": 0.5578380184149924,
    "conscientiousness": 0.75,
    "extraversion": 0.5469808519228783,
    "agreeableness": 0.3787434304549227,
    "neuroticism": 0.4084910716415595
  },
  "method": "fallback",
  "timestamp": 1759347072.1668859
}