{
  "text_hash": "95803ef6a759c54cf5e9a185545f76aab90e6c83ef5ce678852dcc72c89003c3",
  "profile_preview": "Loan Purpose: debt_consolidation | Loan Term:  60 months | Credit Grade: D (D4) | Employment Length: 4 years | Home Ownership: RENT | Income Verification: Source Verified | Application Type: Individual",
  "scores": {
    "openness": 0.5839881279002848,
    "conscientiousness": 0.6537135421889168,
    "extraversion": 0.75,
    "agreeableness": 0.32958165796696715,
    "neuroticism": 0.7228763410176329
  },
  "method": "fallback",
  "timestamp": 1759347072.06848
}