{
  "text_hash": "04654d32d4483c187bf47f764866e51d47c60530a6fc5aab3f414407a7be6a1a",
  "profile_preview": "Loan Purpose: credit_card | Loan Term:  36 months | Credit Grade: C (C4) | Employment Length: 4 years | Home Ownership: RENT | Income Verification: Not Verified | Application Type: Individual",
  "scores": {
    "openness": 0.25,
    "conscientiousness": 0.75,
    "extraversion": 0.4841994919078889,
    "agreeableness": 0.2828200527659664,
    "neuroticism": 0.2803652994987474
  },
  "method": "fallback",
  "timestamp": 1759347072.102595
}