{
  "text_hash": "4723bff6f60c4c54b76f0d6121d37a478ef2b031813fb33289c37a5f7423d19e",
  "profile_preview": "Loan Purpose: major_purchase | Loan Term:  36 months | Credit Grade: C (C2) | Employment Length: 7 years | Home Ownership: MORTGAGE | Income Verification: Source Verified | Application Type: Individual",
  "scores": {
    "openness": 0.27788924944537907,
    "conscientiousness": 0.75,
    "extraversion": 0.7165382731977241,
    "agreeableness": 0.25,
    "neuroticism": 0.5583906289093175
  },
  "method": "fallback",
  "timestamp": 1759347072.04559
}