{
  "text_hash": "47d425284bd6e4bf8551bb6ad0a5ace5497a573cfe278fa5fe62bb974a47ae71",
  "profile_preview": "Loan Purpose: other | Loan Term:  60 months | Credit Grade: C (C1) | Employment Length: 2 years | Home Ownership: MORTGAGE | Income Verification: Verified | Application Type: Individual",
  "scores": {
    "openness": 0.28058082803166023,
    "conscientiousness": 0.2962477652580123,
    "extraversion": 0.5207783827839368,
    "agreeableness": 0.75,
    "neuroticism": 0.28702302190638684
  },
  "method": "fallback",
  "timestamp": 1759347072.314498
}