{
  "text_hash": "f4ee69cdd6e867f8bf9862805b2578416380b96743dec1d3043f1bd38f7ee0b2",
  "profile_preview": "Loan Purpose: other | Loan Term:  60 months | Credit Grade: B (B5) | Employment Length: 10+ years | Home Ownership: OWN | Income Verification: Source Verified | Application Type: Individual",
  "scores": {
    "openness": 0.75,
    "conscientiousness": 0.75,
    "extraversion": 0.7484189571692652,
    "agreeableness": 0.3560404929695745,
    "neuroticism": 0.388682925931337
  },
  "method": "fallback",
  "timestamp": 1759347072.237414
}