{
  "text_hash": "447b43f110f09c73a5b67bbb81f555ecb1009d5980f587fa4614122d2f93ee29",
  "profile_preview": "Loan Purpose: credit_card | Loan Term:  60 months | Credit Grade: D (D3) | Employment Length: 7 years | Home Ownership: RENT | Income Verification: Verified | Application Type: Individual",
  "scores": {
    "openness": 0.26750588074035614,
    "conscientiousness": 0.25,
    "extraversion": 0.6473157246707276,
    "agreeableness": 0.5076497747813468,
    "neuroticism": 0.6914156288121398
  },
  "method": "fallback",
  "timestamp": 1759347071.7510242
}