{
  "text_hash": "44924f26be6cf8931b62ab80911453a61d4774f1b53446b64f1e1adfbab57133",
  "profile_preview": "Loan Purpose: medical | Loan Term:  36 months | Credit Grade: A (A4) | Employment Length: 3 years | Home Ownership: MORTGAGE | Income Verification: Source Verified | Application Type: Individual",
  "scores": {
    "openness": 0.26785750087999216,
    "conscientiousness": 0.74385026556995,
    "extraversion": 0.25,
    "agreeableness": 0.5667164117486021,
    "neuroticism": 0.25
  },
  "method": "fallback",
  "timestamp": 1759347072.2781591
}