{
  "text_hash": "44efc3f167a753e2e9224bfb8974e7bd4f3f1ae794c250723e8417f7fa27dd89",
  "profile_preview": "Loan Purpose: debt_consolidation | Loan Term:  36 months | Credit Grade: C (C1) | Employment Length: 10+ years | Home Ownership: RENT | Income Verification: Not Verified | Application Type: Individual",
  "scores": {
    "openness": 0.2692835296665513,
    "conscientiousness": 0.40489696767295175,
    "extraversion": 0.75,
    "agreeableness": 0.5369400823342009,
    "neuroticism": 0.30955665728765464
  },
  "method": "fallback",
  "timestamp": 1759347071.613236
}