{
  "text_hash": "4fee3148d55b0fe4427a1acea39dab472d62e18071054217f7861dd4128a17b1",
  "profile_preview": "Loan Purpose: debt_consolidation | Loan Term:  36 months | Credit Grade: A (A5) | Employment Length: 4 years | Home Ownership: RENT | Income Verification: Not Verified | Application Type: Individual",
  "scores": {
    "openness": 0.31222827926097163,
    "conscientiousness": 0.75,
    "extraversion": 0.2596756700099622,
    "agreeableness": 0.6391245889568525,
    "neuroticism": 0.25
  },
  "method": "fallback",
  "timestamp": 1759347072.182556
}