{
  "text_hash": "3b97fe74786d70c7e27d381171aee8c147e834b9010ebf924e0aca59701d86cc",
  "profile_preview": "Loan Purpose: credit_card | Loan Term:  60 months | Credit Grade: E (E2) | Employment Length: 7 years | Home Ownership: MORTGAGE | Income Verification: Verified | Application Type: Individual",
  "scores": {
    "openness": 0.25,
    "conscientiousness": 0.4704199301708536,
    "extraversion": 0.75,
    "agreeableness": 0.4440751526141714,
    "neuroticism": 0.28088693164309647
  },
  "method": "fallback",
  "timestamp": 1759347071.979074
}