{
  "text_hash": "d8445bdd4b49a0faa0537b615194244688bd36786463db59bd557d01a2c4b466",
  "profile_preview": "Loan Purpose: credit_card | Loan Term:  36 months | Credit Grade: B (B4) | Employment Length: 6 years | Home Ownership: RENT | Income Verification: Verified | Application Type: Individual",
  "scores": {
    "openness": 0.75,
    "conscientiousness": 0.29409223662086115,
    "extraversion": 0.626273833593883,
    "agreeableness": 0.31866671292080234,
    "neuroticism": 0.5341371578476711
  },
  "method": "fallback",
  "timestamp": 1759347071.857288
}