{
  "text_hash": "da81ab39944413ead52480dd7ed065b564d9d6670ae8d81162d10e3d28284b47",
  "profile_preview": "Loan Purpose: other | Loan Term:  36 months | Credit Grade: A (A3) | Employment Length: 10+ years | Home Ownership: MORTGAGE | Income Verification: Verified | Application Type: Individual",
  "scores": {
    "openness": 0.75,
    "conscientiousness": 0.5791637847617184,
    "extraversion": 0.75,
    "agreeableness": 0.4953673904518055,
    "neuroticism": 0.39394893669382414
  },
  "method": "fallback",
  "timestamp": 1759347072.239948
}