{
  "text_hash": "797b06913297b6c7728490c04f906fae336343d02adf6ec6f5ee756fca1921fc",
  "profile_preview": "Loan Purpose: debt_consolidation | Loan Term:  60 months | Credit Grade: C (C4) | Employment Length: 9 years | Home Ownership: RENT | Income Verification: Verified | Application Type: Individual",
  "scores": {
    "openness": 0.47453347255348544,
    "conscientiousness": 0.25,
    "extraversion": 0.4473352880327346,
    "agreeableness": 0.3107976723254653,
    "neuroticism": 0.25
  },
  "method": "fallback",
  "timestamp": 1759347072.1030579
}