{
  "text_hash": "7ddefbb07f58eaf7bcb68e1c7a2fc590562886af6e37a18631ca02ffda0b54d1",
  "profile_preview": "Loan Purpose: debt_consolidation | Loan Term:  60 months | Credit Grade: D (D4) | Employment Length: 3 years | Home Ownership: RENT | Income Verification: Source Verified | Application Type: Individual",
  "scores": {
    "openness": 0.49168370303038594,
    "conscientiousness": 0.49745052854936816,
    "extraversion": 0.7371605701598247,
    "agreeableness": 0.477291438839699,
    "neuroticism": 0.3365558794086231
  },
  "method": "fallback",
  "timestamp": 1759347071.9901152
}