{
  "text_hash": "ed35e4686adcb12f459ab2dc9e8434fe8d2e33c27a549be7091f464767f31bdb",
  "profile_preview": "Loan Purpose: debt_consolidation | Loan Term:  60 months | Credit Grade: C (C5) | Employment Length: 5 years | Home Ownership: MORTGAGE | Income Verification: Verified | Application Type: Individual",
  "scores": {
    "openness": 0.75,
    "conscientiousness": 0.417429994656106,
    "extraversion": 0.2718917644284414,
    "agreeableness": 0.6192048188809317,
    "neuroticism": 0.5514862394313063
  },
  "method": "fallback",
  "timestamp": 1759347072.0925162
}