{
  "text_hash": "ac31d62f65f5e726c3fc446da7a2ccb47e17f8b8679332b0891dcbdf4aca1d01",
  "profile_preview": "Loan Purpose: home_improvement | Loan Term:  36 months | Credit Grade: A (A1) | Employment Length: 10+ years | Home Ownership: RENT | Income Verification: Source Verified | Application Type: Individual",
  "scores": {
    "openness": 0.6726354471576949,
    "conscientiousness": 0.3982834309335527,
    "extraversion": 0.75,
    "agreeableness": 0.6548278752376391,
    "neuroticism": 0.4925532770558617
  },
  "method": "fallback",
  "timestamp": 1759347072.2548969
}