{
  "text_hash": "b48c04f8e2215a5118120f6a4aeb23b49b7d25e304979ae478e7f942776a91b5",
  "profile_preview": "Loan Purpose: other | Loan Term:  36 months | Credit Grade: A (A5) | Employment Length: 5 years | Home Ownership: RENT | Income Verification: Source Verified | Application Type: Individual",
  "scores": {
    "openness": 0.7052615267935353,
    "conscientiousness": 0.75,
    "extraversion": 0.25,
    "agreeableness": 0.2926504435699085,
    "neuroticism": 0.6073783569986416
  },
  "method": "fallback",
  "timestamp": 1759347072.367842
}