{
  "text_hash": "34145610733d32fa52e0a88102b6e7f86aeb33e83b9d4c1349b3c81b5182799e",
  "profile_preview": "Loan Purpose: debt_consolidation | Loan Term:  36 months | Credit Grade: B (B4) | Employment Length: 7 years | Home Ownership: MORTGAGE | Income Verification: Not Verified | Application Type: Individual",
  "scores": {
    "openness": 0.25,
    "conscientiousness": 0.4501525746775215,
    "extraversion": 0.323740512440852,
    "agreeableness": 0.25,
    "neuroticism": 0.4176514093805224
  },
  "method": "fallback",
  "timestamp": 1759347071.635243
}