{
  "text_hash": "75a2d5120b5abf1370e84fb94065208580c3c5b077e518460fc2c2d84df617b8",
  "profile_preview": "Loan Purpose: debt_consolidation | Loan Term:  36 months | Credit Grade: A (A5) | Employment Length: 7 years | Home Ownership: MORTGAGE | Income Verification: Not Verified | Application Type: Individual",
  "scores": {
    "openness": 0.4595158739154031,
    "conscientiousness": 0.25,
    "extraversion": 0.4410447910057951,
    "agreeableness": 0.25154307606898785,
    "neuroticism": 0.5029872470775124
  },
  "method": "fallback",
  "timestamp": 1759347072.376609
}