{
  "text_hash": "75b321d2e4284811e1e5f49c5faa2a62670e58085034f3c7c0a584b339afe90f",
  "profile_preview": "Loan Purpose: other | Loan Term:  60 months | Credit Grade: B (B2) | Employment Length: 6 years | Home Ownership: MORTGAGE | Income Verification: Verified | Application Type: Individual",
  "scores": {
    "openness": 0.4597645891969475,
    "conscientiousness": 0.75,
    "extraversion": 0.75,
    "agreeableness": 0.3736902704401152,
    "neuroticism": 0.4025626202119893
  },
  "method": "fallback",
  "timestamp": 1759347072.2963781
}