{
  "text_hash": "75edd1f01c17423ab9c22aa461a16202ce158306430a8e200f517c26e0beb559",
  "profile_preview": "Loan Purpose: home_improvement | Loan Term:  36 months | Credit Grade: B (B4) | Employment Length: 7 years | Home Ownership: MORTGAGE | Income Verification: Not Verified | Application Type: Individual",
  "scores": {
    "openness": 0.4606600963651808,
    "conscientiousness": 0.25,
    "extraversion": 0.7256189968263774,
    "agreeableness": 0.38136875684870614,
    "neuroticism": 0.75
  },
  "method": "fallback",
  "timestamp": 1759347072.278323
}