{
  "text_hash": "75fd2c86518af20823d794fbb66544581d268234c0d5195ad326f71e97b32ff9",
  "profile_preview": "Loan Purpose: credit_card | Loan Term:  60 months | Credit Grade: D (D3) | Employment Length: 10+ years | Home Ownership: MORTGAGE | Income Verification: Verified | Application Type: Individual",
  "scores": {
    "openness": 0.4608943775437992,
    "conscientiousness": 0.3185263891514685,
    "extraversion": 0.25,
    "agreeableness": 0.7124827114661417,
    "neuroticism": 0.25
  },
  "method": "fallback",
  "timestamp": 1759347072.1786392
}