{
  "text_hash": "9c7361aad8737f78b7d08a52d9b07ea76d1d69d10cc5d99a27140c3f5a41f351",
  "profile_preview": "Loan Purpose: other | Loan Term:  36 months | Credit Grade: A (A2) | Employment Length: 10+ years | Home Ownership: MORTGAGE | Income Verification: Not Verified | Application Type: Individual",
  "scores": {
    "openness": 0.6111355821162312,
    "conscientiousness": 0.75,
    "extraversion": 0.7180258228252702,
    "agreeableness": 0.75,
    "neuroticism": 0.42623006213135783
  },
  "method": "fallback",
  "timestamp": 1759347072.373869
}