{
  "text_hash": "369ed163c01b042b7740a9646c6a765ab8300033fb203352f18638e0ed09ea42",
  "profile_preview": "Loan Purpose: small_business | Loan Term:  60 months | Credit Grade: D (D4) | Employment Length: 1 year | Home Ownership: MORTGAGE | Income Verification: Verified | Application Type: Individual",
  "scores": {
    "openness": 0.25,
    "conscientiousness": 0.75,
    "extraversion": 0.465830409076491,
    "agreeableness": 0.4234994860420701,
    "neuroticism": 0.7194824339168804
  },
  "method": "fallback",
  "timestamp": 1759347071.958417
}