{
  "text_hash": "6917eb85af244772fc69574599982f1a5b2931e7c62e31d44eb49a790e6bdb43",
  "profile_preview": "Loan Purpose: credit_card | Loan Term:  60 months | Credit Grade: D (D3) | Employment Length: 10+ years | Home Ownership: RENT | Income Verification: Source Verified | Application Type: Individual",
  "scores": {
    "openness": 0.41052124030201725,
    "conscientiousness": 0.6841473250380129,
    "extraversion": 0.75,
    "agreeableness": 0.5999783935490945,
    "neuroticism": 0.3560973348459455
  },
  "method": "fallback",
  "timestamp": 1759347072.066829
}