{
  "text_hash": "6995a91fab1305665778dea244a0e3aacc223ad667d8a0c467ddeb79ab98f7e3",
  "profile_preview": "Loan Purpose: credit_card | Loan Term:  36 months | Credit Grade: A (A3) | Employment Length: 7 years | Home Ownership: RENT | Income Verification: Not Verified | Application Type: Individual",
  "scores": {
    "openness": 0.4124398900690581,
    "conscientiousness": 0.6682589889197282,
    "extraversion": 0.3416880747167599,
    "agreeableness": 0.2680799761479907,
    "neuroticism": 0.75
  },
  "method": "fallback",
  "timestamp": 1759347071.840183
}