{
  "text_hash": "699a535f2d834432ea99f26aaf5eae38ab3860cfdc4137a8c3d85dd0a2ee2659",
  "profile_preview": "Loan Purpose: small_business | Loan Term:  60 months | Credit Grade: C (C2) | Employment Length: 7 years | Home Ownership: RENT | Income Verification: Verified | Application Type: Individual",
  "scores": {
    "openness": 0.41251107291609773,
    "conscientiousness": 0.25,
    "extraversion": 0.75,
    "agreeableness": 0.6850384605780799,
    "neuroticism": 0.6688290125850656
  },
  "method": "fallback",
  "timestamp": 1759347072.2057621
}