{
  "text_hash": "581610a46aa1ce855d4fdb66bd42fb6d2a089d066ce12207515bb01601159cc7",
  "profile_preview": "Loan Purpose: other | Loan Term:  36 months | Credit Grade: B (B3) | Employment Length: 6 years | Home Ownership: RENT | Income Verification: Not Verified | Application Type: Individual",
  "scores": {
    "openness": 0.3440866852980309,
    "conscientiousness": 0.41653147465934315,
    "extraversion": 0.3644997715867357,
    "agreeableness": 0.7393033163946362,
    "neuroticism": 0.25
  },
  "method": "fallback",
  "timestamp": 1759347072.167734
}