{
  "text_hash": "58cce33b72e05d8366cd56a359f7e89c479c240a33d87153681fb9dcfe37acc5",
  "profile_preview": "Loan Purpose: debt_consolidation | Loan Term:  60 months | Credit Grade: E (E1) | Employment Length: 5 years | Home Ownership: RENT | Income Verification: Verified | Application Type: Individual",
  "scores": {
    "openness": 0.34687633704088544,
    "conscientiousness": 0.4487360425872579,
    "extraversion": 0.4015707158021561,
    "agreeableness": 0.35143903557943157,
    "neuroticism": 0.2797262692543972
  },
  "method": "fallback",
  "timestamp": 1759347072.0516438
}